,Zip Code,District Name,Zip +4,pop,School Name,ENROLL_CNT,GRAD_CNT,GRAD_PCT,DROPOUT_PCT,MEMBERSHIP_DESC,SUBGROUP_NAME
1,14202,BUFFALO CITY SCHOOL DISTRICT,3375.0,3419.0,PS 42 OCCUPATIONAL TRAINING CTR,32,0,0%,9%,2010 Total Cohort - 5 Year Outcome,All Students
1,14202,BUFFALO CITY SCHOOL DISTRICT,3375.0,3419.0,PS 42 OCCUPATIONAL TRAINING CTR,11,0,0%,27%,2010 Total Cohort - 5 Year Outcome,Female
1,14202,BUFFALO CITY SCHOOL DISTRICT,3375.0,3419.0,PS 42 OCCUPATIONAL TRAINING CTR,21,0,0%,0%,2010 Total Cohort - 5 Year Outcome,Male
1,14202,BUFFALO CITY SCHOOL DISTRICT,3375.0,3419.0,PS 42 OCCUPATIONAL TRAINING CTR,15,0,0%,0%,2010 Total Cohort - 5 Year Outcome,Black or African American
1,14202,BUFFALO CITY SCHOOL DISTRICT,3375.0,3419.0,PS 42 OCCUPATIONAL TRAINING CTR,6,-,-,-,2010 Total Cohort - 5 Year Outcome,Hispanic or Latino
1,14202,BUFFALO CITY SCHOOL DISTRICT,3375.0,3419.0,PS 42 OCCUPATIONAL TRAINING CTR,3,-,-,-,2010 Total Cohort - 5 Year Outcome,Asian or Pacific Islander
1,14202,BUFFALO CITY SCHOOL DISTRICT,3375.0,3419.0,PS 42 OCCUPATIONAL TRAINING CTR,8,0,0%,13%,2010 Total Cohort - 5 Year Outcome,White
1,14202,BUFFALO CITY SCHOOL DISTRICT,3375.0,3419.0,PS 42 OCCUPATIONAL TRAINING CTR,32,-,-,-,2010 Total Cohort - 5 Year Outcome,Students with Disabilities
1,14202,BUFFALO CITY SCHOOL DISTRICT,3375.0,3419.0,PS 42 OCCUPATIONAL TRAINING CTR,24,0,0%,4%,2010 Total Cohort - 5 Year Outcome,Not Limited English Proficient
1,14202,BUFFALO CITY SCHOOL DISTRICT,3375.0,3419.0,PS 42 OCCUPATIONAL TRAINING CTR,8,0,0%,25%,2010 Total Cohort - 5 Year Outcome,Limited English Proficient
1,14202,BUFFALO CITY SCHOOL DISTRICT,3375.0,3419.0,PS 42 OCCUPATIONAL TRAINING CTR,24,0,0%,8%,2010 Total Cohort - 5 Year Outcome,Economically Disadvantaged
1,14202,BUFFALO CITY SCHOOL DISTRICT,3375.0,3419.0,PS 42 OCCUPATIONAL TRAINING CTR,8,0,0%,13%,2010 Total Cohort - 5 Year Outcome,Not Economically Disadvantaged
1,14202,BUFFALO CITY SCHOOL DISTRICT,3375.0,3419.0,PS 42 OCCUPATIONAL TRAINING CTR,32,-,-,-,2010 Total Cohort - 5 Year Outcome,Not Migrant
1,14202,BUFFALO CITY SCHOOL DISTRICT,3375.0,3419.0,FREDERICK OLMSTED #156,63,57,90%,5%,2010 Total Cohort - 5 Year Outcome,All Students
1,14202,BUFFALO CITY SCHOOL DISTRICT,3375.0,3419.0,FREDERICK OLMSTED #156,39,35,90%,5%,2010 Total Cohort - 5 Year Outcome,Female
1,14202,BUFFALO CITY SCHOOL DISTRICT,3375.0,3419.0,FREDERICK OLMSTED #156,24,22,92%,4%,2010 Total Cohort - 5 Year Outcome,Male
1,14202,BUFFALO CITY SCHOOL DISTRICT,3375.0,3419.0,FREDERICK OLMSTED #156,38,33,87%,8%,2010 Total Cohort - 5 Year Outcome,Black or African American
1,14202,BUFFALO CITY SCHOOL DISTRICT,3375.0,3419.0,FREDERICK OLMSTED #156,3,-,-,-,2010 Total Cohort - 5 Year Outcome,Hispanic or Latino
1,14202,BUFFALO CITY SCHOOL DISTRICT,3375.0,3419.0,FREDERICK OLMSTED #156,9,-,-,-,2010 Total Cohort - 5 Year Outcome,Asian or Pacific Islander
1,14202,BUFFALO CITY SCHOOL DISTRICT,3375.0,3419.0,FREDERICK OLMSTED #156,12,11,92%,0%,2010 Total Cohort - 5 Year Outcome,White
1,14202,BUFFALO CITY SCHOOL DISTRICT,3375.0,3419.0,FREDERICK OLMSTED #156,1,-,-,-,2010 Total Cohort - 5 Year Outcome,Multiracial
1,14202,BUFFALO CITY SCHOOL DISTRICT,3375.0,3419.0,FREDERICK OLMSTED #156,58,54,93%,3%,2010 Total Cohort - 5 Year Outcome,General Education Students
1,14202,BUFFALO CITY SCHOOL DISTRICT,3375.0,3419.0,FREDERICK OLMSTED #156,5,3,60%,20%,2010 Total Cohort - 5 Year Outcome,Students with Disabilities
1,14202,BUFFALO CITY SCHOOL DISTRICT,3375.0,3419.0,FREDERICK OLMSTED #156,63,-,-,-,2010 Total Cohort - 5 Year Outcome,Not Limited English Proficient
1,14202,BUFFALO CITY SCHOOL DISTRICT,3375.0,3419.0,FREDERICK OLMSTED #156,1,-,-,-,2010 Total Cohort - 5 Year Outcome,Formerly Limited English Proficient
1,14202,BUFFALO CITY SCHOOL DISTRICT,3375.0,3419.0,FREDERICK OLMSTED #156,27,24,89%,4%,2010 Total Cohort - 5 Year Outcome,Economically Disadvantaged
1,14202,BUFFALO CITY SCHOOL DISTRICT,3375.0,3419.0,FREDERICK OLMSTED #156,36,33,92%,6%,2010 Total Cohort - 5 Year Outcome,Not Economically Disadvantaged
1,14202,BUFFALO CITY SCHOOL DISTRICT,3375.0,3419.0,FREDERICK OLMSTED #156,63,-,-,-,2010 Total Cohort - 5 Year Outcome,Not Migrant
1,14202,BUFFALO CITY SCHOOL DISTRICT,3375.0,3419.0,PS 84,8,0,0%,0%,2010 Total Cohort - 5 Year Outcome,All Students
1,14202,BUFFALO CITY SCHOOL DISTRICT,3375.0,3419.0,PS 84,4,-,-,-,2010 Total Cohort - 5 Year Outcome,Female
1,14202,BUFFALO CITY SCHOOL DISTRICT,3375.0,3419.0,PS 84,4,-,-,-,2010 Total Cohort - 5 Year Outcome,Male
1,14202,BUFFALO CITY SCHOOL DISTRICT,3375.0,3419.0,PS 84,4,-,-,-,2010 Total Cohort - 5 Year Outcome,Black or African American
1,14202,BUFFALO CITY SCHOOL DISTRICT,3375.0,3419.0,PS 84,1,-,-,-,2010 Total Cohort - 5 Year Outcome,Hispanic or Latino
1,14202,BUFFALO CITY SCHOOL DISTRICT,3375.0,3419.0,PS 84,1,-,-,-,2010 Total Cohort - 5 Year Outcome,Asian or Pacific Islander
1,14202,BUFFALO CITY SCHOOL DISTRICT,3375.0,3419.0,PS 84,2,-,-,-,2010 Total Cohort - 5 Year Outcome,White
1,14202,BUFFALO CITY SCHOOL DISTRICT,3375.0,3419.0,PS 84,8,-,-,-,2010 Total Cohort - 5 Year Outcome,Students with Disabilities
1,14202,BUFFALO CITY SCHOOL DISTRICT,3375.0,3419.0,PS 84,7,-,-,-,2010 Total Cohort - 5 Year Outcome,Not Limited English Proficient
1,14202,BUFFALO CITY SCHOOL DISTRICT,3375.0,3419.0,PS 84,1,-,-,-,2010 Total Cohort - 5 Year Outcome,Limited English Proficient
1,14202,BUFFALO CITY SCHOOL DISTRICT,3375.0,3419.0,PS 84,4,-,-,-,2010 Total Cohort - 5 Year Outcome,Economically Disadvantaged
1,14202,BUFFALO CITY SCHOOL DISTRICT,3375.0,3419.0,PS 84,4,-,-,-,2010 Total Cohort - 5 Year Outcome,Not Economically Disadvantaged
1,14202,BUFFALO CITY SCHOOL DISTRICT,3375.0,3419.0,PS 84,8,-,-,-,2010 Total Cohort - 5 Year Outcome,Not Migrant
1,14202,BUFFALO CITY SCHOOL DISTRICT,3375.0,3419.0,BUFFALO ACADEMY-VIS & PERF ARTS,139,118,85%,6%,2010 Total Cohort - 5 Year Outcome,All Students
1,14202,BUFFALO CITY SCHOOL DISTRICT,3375.0,3419.0,BUFFALO ACADEMY-VIS & PERF ARTS,85,76,89%,5%,2010 Total Cohort - 5 Year Outcome,Female
1,14202,BUFFALO CITY SCHOOL DISTRICT,3375.0,3419.0,BUFFALO ACADEMY-VIS & PERF ARTS,54,42,78%,9%,2010 Total Cohort - 5 Year Outcome,Male
1,14202,BUFFALO CITY SCHOOL DISTRICT,3375.0,3419.0,BUFFALO ACADEMY-VIS & PERF ARTS,2,-,-,-,2010 Total Cohort - 5 Year Outcome,American Indian or Alaska Native
1,14202,BUFFALO CITY SCHOOL DISTRICT,3375.0,3419.0,BUFFALO ACADEMY-VIS & PERF ARTS,79,65,82%,9%,2010 Total Cohort - 5 Year Outcome,Black or African American
1,14202,BUFFALO CITY SCHOOL DISTRICT,3375.0,3419.0,BUFFALO ACADEMY-VIS & PERF ARTS,27,24,89%,0%,2010 Total Cohort - 5 Year Outcome,Hispanic or Latino
1,14202,BUFFALO CITY SCHOOL DISTRICT,3375.0,3419.0,BUFFALO ACADEMY-VIS & PERF ARTS,3,-,-,-,2010 Total Cohort - 5 Year Outcome,Asian or Pacific Islander
1,14202,BUFFALO CITY SCHOOL DISTRICT,3375.0,3419.0,BUFFALO ACADEMY-VIS & PERF ARTS,26,22,85%,8%,2010 Total Cohort - 5 Year Outcome,White
1,14202,BUFFALO CITY SCHOOL DISTRICT,3375.0,3419.0,BUFFALO ACADEMY-VIS & PERF ARTS,2,-,-,-,2010 Total Cohort - 5 Year Outcome,Multiracial
1,14202,BUFFALO CITY SCHOOL DISTRICT,3375.0,3419.0,BUFFALO ACADEMY-VIS & PERF ARTS,120,107,89%,5%,2010 Total Cohort - 5 Year Outcome,General Education Students
1,14202,BUFFALO CITY SCHOOL DISTRICT,3375.0,3419.0,BUFFALO ACADEMY-VIS & PERF ARTS,19,11,58%,16%,2010 Total Cohort - 5 Year Outcome,Students with Disabilities
1,14202,BUFFALO CITY SCHOOL DISTRICT,3375.0,3419.0,BUFFALO ACADEMY-VIS & PERF ARTS,138,-,-,-,2010 Total Cohort - 5 Year Outcome,Not Limited English Proficient
1,14202,BUFFALO CITY SCHOOL DISTRICT,3375.0,3419.0,BUFFALO ACADEMY-VIS & PERF ARTS,1,-,-,-,2010 Total Cohort - 5 Year Outcome,Limited English Proficient
1,14202,BUFFALO CITY SCHOOL DISTRICT,3375.0,3419.0,BUFFALO ACADEMY-VIS & PERF ARTS,1,-,-,-,2010 Total Cohort - 5 Year Outcome,Formerly Limited English Proficient
1,14202,BUFFALO CITY SCHOOL DISTRICT,3375.0,3419.0,BUFFALO ACADEMY-VIS & PERF ARTS,73,60,82%,5%,2010 Total Cohort - 5 Year Outcome,Economically Disadvantaged
1,14202,BUFFALO CITY SCHOOL DISTRICT,3375.0,3419.0,BUFFALO ACADEMY-VIS & PERF ARTS,66,58,88%,8%,2010 Total Cohort - 5 Year Outcome,Not Economically Disadvantaged
1,14202,BUFFALO CITY SCHOOL DISTRICT,3375.0,3419.0,BUFFALO ACADEMY-VIS & PERF ARTS,139,-,-,-,2010 Total Cohort - 5 Year Outcome,Not Migrant
1,14202,BUFFALO CITY SCHOOL DISTRICT,3375.0,3419.0,MCKINLEY VOC HIGH SCHOOL,229,168,73%,20%,2010 Total Cohort - 5 Year Outcome,All Students
1,14202,BUFFALO CITY SCHOOL DISTRICT,3375.0,3419.0,MCKINLEY VOC HIGH SCHOOL,97,76,78%,16%,2010 Total Cohort - 5 Year Outcome,Female
1,14202,BUFFALO CITY SCHOOL DISTRICT,3375.0,3419.0,MCKINLEY VOC HIGH SCHOOL,132,92,70%,22%,2010 Total Cohort - 5 Year Outcome,Male
1,14202,BUFFALO CITY SCHOOL DISTRICT,3375.0,3419.0,MCKINLEY VOC HIGH SCHOOL,6,-,-,-,2010 Total Cohort - 5 Year Outcome,American Indian or Alaska Native
1,14202,BUFFALO CITY SCHOOL DISTRICT,3375.0,3419.0,MCKINLEY VOC HIGH SCHOOL,139,113,81%,14%,2010 Total Cohort - 5 Year Outcome,Black or African American
1,14202,BUFFALO CITY SCHOOL DISTRICT,3375.0,3419.0,MCKINLEY VOC HIGH SCHOOL,37,21,57%,30%,2010 Total Cohort - 5 Year Outcome,Hispanic or Latino
1,14202,BUFFALO CITY SCHOOL DISTRICT,3375.0,3419.0,MCKINLEY VOC HIGH SCHOOL,6,3,50%,33%,2010 Total Cohort - 5 Year Outcome,Asian or Pacific Islander
1,14202,BUFFALO CITY SCHOOL DISTRICT,3375.0,3419.0,MCKINLEY VOC HIGH SCHOOL,39,26,67%,28%,2010 Total Cohort - 5 Year Outcome,White
1,14202,BUFFALO CITY SCHOOL DISTRICT,3375.0,3419.0,MCKINLEY VOC HIGH SCHOOL,2,-,-,-,2010 Total Cohort - 5 Year Outcome,Multiracial
1,14202,BUFFALO CITY SCHOOL DISTRICT,3375.0,3419.0,MCKINLEY VOC HIGH SCHOOL,188,147,78%,17%,2010 Total Cohort - 5 Year Outcome,General Education Students
1,14202,BUFFALO CITY SCHOOL DISTRICT,3375.0,3419.0,MCKINLEY VOC HIGH SCHOOL,41,21,51%,32%,2010 Total Cohort - 5 Year Outcome,Students with Disabilities
1,14202,BUFFALO CITY SCHOOL DISTRICT,3375.0,3419.0,MCKINLEY VOC HIGH SCHOOL,218,162,74%,19%,2010 Total Cohort - 5 Year Outcome,Not Limited English Proficient
1,14202,BUFFALO CITY SCHOOL DISTRICT,3375.0,3419.0,MCKINLEY VOC HIGH SCHOOL,11,6,55%,36%,2010 Total Cohort - 5 Year Outcome,Limited English Proficient
1,14202,BUFFALO CITY SCHOOL DISTRICT,3375.0,3419.0,MCKINLEY VOC HIGH SCHOOL,8,6,75%,13%,2010 Total Cohort - 5 Year Outcome,Formerly Limited English Proficient
1,14202,BUFFALO CITY SCHOOL DISTRICT,3375.0,3419.0,MCKINLEY VOC HIGH SCHOOL,153,113,74%,17%,2010 Total Cohort - 5 Year Outcome,Economically Disadvantaged
1,14202,BUFFALO CITY SCHOOL DISTRICT,3375.0,3419.0,MCKINLEY VOC HIGH SCHOOL,76,55,72%,25%,2010 Total Cohort - 5 Year Outcome,Not Economically Disadvantaged
1,14202,BUFFALO CITY SCHOOL DISTRICT,3375.0,3419.0,MCKINLEY VOC HIGH SCHOOL,229,-,-,-,2010 Total Cohort - 5 Year Outcome,Not Migrant
1,14202,BUFFALO CITY SCHOOL DISTRICT,3375.0,3419.0,BENNETT HIGH SCHOOL,164,67,41%,37%,2010 Total Cohort - 5 Year Outcome,All Students
1,14202,BUFFALO CITY SCHOOL DISTRICT,3375.0,3419.0,BENNETT HIGH SCHOOL,79,30,38%,35%,2010 Total Cohort - 5 Year Outcome,Female
1,14202,BUFFALO CITY SCHOOL DISTRICT,3375.0,3419.0,BENNETT HIGH SCHOOL,85,37,44%,39%,2010 Total Cohort - 5 Year Outcome,Male
1,14202,BUFFALO CITY SCHOOL DISTRICT,3375.0,3419.0,BENNETT HIGH SCHOOL,3,-,-,-,2010 Total Cohort - 5 Year Outcome,American Indian or Alaska Native
1,14202,BUFFALO CITY SCHOOL DISTRICT,3375.0,3419.0,BENNETT HIGH SCHOOL,122,47,39%,35%,2010 Total Cohort - 5 Year Outcome,Black or African American
1,14202,BUFFALO CITY SCHOOL DISTRICT,3375.0,3419.0,BENNETT HIGH SCHOOL,9,4,44%,22%,2010 Total Cohort - 5 Year Outcome,Hispanic or Latino
1,14202,BUFFALO CITY SCHOOL DISTRICT,3375.0,3419.0,BENNETT HIGH SCHOOL,11,5,45%,55%,2010 Total Cohort - 5 Year Outcome,Asian or Pacific Islander
1,14202,BUFFALO CITY SCHOOL DISTRICT,3375.0,3419.0,BENNETT HIGH SCHOOL,14,6,43%,50%,2010 Total Cohort - 5 Year Outcome,White
1,14202,BUFFALO CITY SCHOOL DISTRICT,3375.0,3419.0,BENNETT HIGH SCHOOL,5,-,-,-,2010 Total Cohort - 5 Year Outcome,Multiracial
1,14202,BUFFALO CITY SCHOOL DISTRICT,3375.0,3419.0,BENNETT HIGH SCHOOL,127,58,46%,35%,2010 Total Cohort - 5 Year Outcome,General Education Students
1,14202,BUFFALO CITY SCHOOL DISTRICT,3375.0,3419.0,BENNETT HIGH SCHOOL,37,9,24%,43%,2010 Total Cohort - 5 Year Outcome,Students with Disabilities
1,14202,BUFFALO CITY SCHOOL DISTRICT,3375.0,3419.0,BENNETT HIGH SCHOOL,151,62,41%,36%,2010 Total Cohort - 5 Year Outcome,Not Limited English Proficient
1,14202,BUFFALO CITY SCHOOL DISTRICT,3375.0,3419.0,BENNETT HIGH SCHOOL,13,5,38%,54%,2010 Total Cohort - 5 Year Outcome,Limited English Proficient
1,14202,BUFFALO CITY SCHOOL DISTRICT,3375.0,3419.0,BENNETT HIGH SCHOOL,1,-,-,-,2010 Total Cohort - 5 Year Outcome,Formerly Limited English Proficient
1,14202,BUFFALO CITY SCHOOL DISTRICT,3375.0,3419.0,BENNETT HIGH SCHOOL,110,43,39%,35%,2010 Total Cohort - 5 Year Outcome,Economically Disadvantaged
1,14202,BUFFALO CITY SCHOOL DISTRICT,3375.0,3419.0,BENNETT HIGH SCHOOL,54,24,44%,41%,2010 Total Cohort - 5 Year Outcome,Not Economically Disadvantaged
1,14202,BUFFALO CITY SCHOOL DISTRICT,3375.0,3419.0,BENNETT HIGH SCHOOL,164,-,-,-,2010 Total Cohort - 5 Year Outcome,Not Migrant
1,14202,BUFFALO CITY SCHOOL DISTRICT,3375.0,3419.0,BURGARD VOC HIGH SCHOOL,164,78,48%,43%,2010 Total Cohort - 5 Year Outcome,All Students
1,14202,BUFFALO CITY SCHOOL DISTRICT,3375.0,3419.0,BURGARD VOC HIGH SCHOOL,67,30,45%,43%,2010 Total Cohort - 5 Year Outcome,Female
1,14202,BUFFALO CITY SCHOOL DISTRICT,3375.0,3419.0,BURGARD VOC HIGH SCHOOL,97,48,49%,42%,2010 Total Cohort - 5 Year Outcome,Male
1,14202,BUFFALO CITY SCHOOL DISTRICT,3375.0,3419.0,BURGARD VOC HIGH SCHOOL,2,-,-,-,2010 Total Cohort - 5 Year Outcome,American Indian or Alaska Native
1,14202,BUFFALO CITY SCHOOL DISTRICT,3375.0,3419.0,BURGARD VOC HIGH SCHOOL,121,61,50%,40%,2010 Total Cohort - 5 Year Outcome,Black or African American
1,14202,BUFFALO CITY SCHOOL DISTRICT,3375.0,3419.0,BURGARD VOC HIGH SCHOOL,15,6,40%,53%,2010 Total Cohort - 5 Year Outcome,Hispanic or Latino
1,14202,BUFFALO CITY SCHOOL DISTRICT,3375.0,3419.0,BURGARD VOC HIGH SCHOOL,16,8,50%,38%,2010 Total Cohort - 5 Year Outcome,Asian or Pacific Islander
1,14202,BUFFALO CITY SCHOOL DISTRICT,3375.0,3419.0,BURGARD VOC HIGH SCHOOL,10,-,-,-,2010 Total Cohort - 5 Year Outcome,White
1,14202,BUFFALO CITY SCHOOL DISTRICT,3375.0,3419.0,BURGARD VOC HIGH SCHOOL,120,63,53%,39%,2010 Total Cohort - 5 Year Outcome,General Education Students
1,14202,BUFFALO CITY SCHOOL DISTRICT,3375.0,3419.0,BURGARD VOC HIGH SCHOOL,44,15,34%,52%,2010 Total Cohort - 5 Year Outcome,Students with Disabilities
1,14202,BUFFALO CITY SCHOOL DISTRICT,3375.0,3419.0,BURGARD VOC HIGH SCHOOL,147,72,49%,41%,2010 Total Cohort - 5 Year Outcome,Not Limited English Proficient
1,14202,BUFFALO CITY SCHOOL DISTRICT,3375.0,3419.0,BURGARD VOC HIGH SCHOOL,17,6,35%,53%,2010 Total Cohort - 5 Year Outcome,Limited English Proficient
1,14202,BUFFALO CITY SCHOOL DISTRICT,3375.0,3419.0,BURGARD VOC HIGH SCHOOL,4,-,-,-,2010 Total Cohort - 5 Year Outcome,Formerly Limited English Proficient
1,14202,BUFFALO CITY SCHOOL DISTRICT,3375.0,3419.0,BURGARD VOC HIGH SCHOOL,95,46,48%,42%,2010 Total Cohort - 5 Year Outcome,Economically Disadvantaged
1,14202,BUFFALO CITY SCHOOL DISTRICT,3375.0,3419.0,BURGARD VOC HIGH SCHOOL,69,32,46%,43%,2010 Total Cohort - 5 Year Outcome,Not Economically Disadvantaged
1,14202,BUFFALO CITY SCHOOL DISTRICT,3375.0,3419.0,BURGARD VOC HIGH SCHOOL,164,-,-,-,2010 Total Cohort - 5 Year Outcome,Not Migrant
1,14202,BUFFALO CITY SCHOOL DISTRICT,3375.0,3419.0,CITY HONORS SCH-F MASTEN PK,124,123,99%,0%,2010 Total Cohort - 5 Year Outcome,All Students
1,14202,BUFFALO CITY SCHOOL DISTRICT,3375.0,3419.0,CITY HONORS SCH-F MASTEN PK,51,51,100%,0%,2010 Total Cohort - 5 Year Outcome,Female
1,14202,BUFFALO CITY SCHOOL DISTRICT,3375.0,3419.0,CITY HONORS SCH-F MASTEN PK,73,72,99%,0%,2010 Total Cohort - 5 Year Outcome,Male
1,14202,BUFFALO CITY SCHOOL DISTRICT,3375.0,3419.0,CITY HONORS SCH-F MASTEN PK,22,22,100%,0%,2010 Total Cohort - 5 Year Outcome,Black or African American
1,14202,BUFFALO CITY SCHOOL DISTRICT,3375.0,3419.0,CITY HONORS SCH-F MASTEN PK,8,8,100%,0%,2010 Total Cohort - 5 Year Outcome,Hispanic or Latino
1,14202,BUFFALO CITY SCHOOL DISTRICT,3375.0,3419.0,CITY HONORS SCH-F MASTEN PK,7,-,-,-,2010 Total Cohort - 5 Year Outcome,Asian or Pacific Islander
1,14202,BUFFALO CITY SCHOOL DISTRICT,3375.0,3419.0,CITY HONORS SCH-F MASTEN PK,84,84,100%,0%,2010 Total Cohort - 5 Year Outcome,White
1,14202,BUFFALO CITY SCHOOL DISTRICT,3375.0,3419.0,CITY HONORS SCH-F MASTEN PK,3,-,-,-,2010 Total Cohort - 5 Year Outcome,Multiracial
1,14202,BUFFALO CITY SCHOOL DISTRICT,3375.0,3419.0,CITY HONORS SCH-F MASTEN PK,113,113,100%,0%,2010 Total Cohort - 5 Year Outcome,General Education Students
1,14202,BUFFALO CITY SCHOOL DISTRICT,3375.0,3419.0,CITY HONORS SCH-F MASTEN PK,11,10,91%,0%,2010 Total Cohort - 5 Year Outcome,Students with Disabilities
1,14202,BUFFALO CITY SCHOOL DISTRICT,3375.0,3419.0,CITY HONORS SCH-F MASTEN PK,124,-,-,-,2010 Total Cohort - 5 Year Outcome,Not Limited English Proficient
1,14202,BUFFALO CITY SCHOOL DISTRICT,3375.0,3419.0,CITY HONORS SCH-F MASTEN PK,30,29,97%,0%,2010 Total Cohort - 5 Year Outcome,Economically Disadvantaged
1,14202,BUFFALO CITY SCHOOL DISTRICT,3375.0,3419.0,CITY HONORS SCH-F MASTEN PK,94,94,100%,0%,2010 Total Cohort - 5 Year Outcome,Not Economically Disadvantaged
1,14202,BUFFALO CITY SCHOOL DISTRICT,3375.0,3419.0,CITY HONORS SCH-F MASTEN PK,124,-,-,-,2010 Total Cohort - 5 Year Outcome,Not Migrant
1,14202,BUFFALO CITY SCHOOL DISTRICT,3375.0,3419.0,EMERSON SCHOOL OF HOSPITALITY,90,79,88%,0%,2010 Total Cohort - 5 Year Outcome,All Students
1,14202,BUFFALO CITY SCHOOL DISTRICT,3375.0,3419.0,EMERSON SCHOOL OF HOSPITALITY,52,48,92%,0%,2010 Total Cohort - 5 Year Outcome,Female
1,14202,BUFFALO CITY SCHOOL DISTRICT,3375.0,3419.0,EMERSON SCHOOL OF HOSPITALITY,38,31,82%,0%,2010 Total Cohort - 5 Year Outcome,Male
1,14202,BUFFALO CITY SCHOOL DISTRICT,3375.0,3419.0,EMERSON SCHOOL OF HOSPITALITY,1,-,-,-,2010 Total Cohort - 5 Year Outcome,American Indian or Alaska Native
1,14202,BUFFALO CITY SCHOOL DISTRICT,3375.0,3419.0,EMERSON SCHOOL OF HOSPITALITY,61,53,87%,0%,2010 Total Cohort - 5 Year Outcome,Black or African American
1,14202,BUFFALO CITY SCHOOL DISTRICT,3375.0,3419.0,EMERSON SCHOOL OF HOSPITALITY,14,11,79%,0%,2010 Total Cohort - 5 Year Outcome,Hispanic or Latino
1,14202,BUFFALO CITY SCHOOL DISTRICT,3375.0,3419.0,EMERSON SCHOOL OF HOSPITALITY,14,-,-,-,2010 Total Cohort - 5 Year Outcome,White
1,14202,BUFFALO CITY SCHOOL DISTRICT,3375.0,3419.0,EMERSON SCHOOL OF HOSPITALITY,76,74,97%,0%,2010 Total Cohort - 5 Year Outcome,General Education Students
1,14202,BUFFALO CITY SCHOOL DISTRICT,3375.0,3419.0,EMERSON SCHOOL OF HOSPITALITY,14,5,36%,0%,2010 Total Cohort - 5 Year Outcome,Students with Disabilities
1,14202,BUFFALO CITY SCHOOL DISTRICT,3375.0,3419.0,EMERSON SCHOOL OF HOSPITALITY,89,-,-,-,2010 Total Cohort - 5 Year Outcome,Not Limited English Proficient
1,14202,BUFFALO CITY SCHOOL DISTRICT,3375.0,3419.0,EMERSON SCHOOL OF HOSPITALITY,1,-,-,-,2010 Total Cohort - 5 Year Outcome,Limited English Proficient
1,14202,BUFFALO CITY SCHOOL DISTRICT,3375.0,3419.0,EMERSON SCHOOL OF HOSPITALITY,1,-,-,-,2010 Total Cohort - 5 Year Outcome,Formerly Limited English Proficient
1,14202,BUFFALO CITY SCHOOL DISTRICT,3375.0,3419.0,EMERSON SCHOOL OF HOSPITALITY,64,56,88%,0%,2010 Total Cohort - 5 Year Outcome,Economically Disadvantaged
1,14202,BUFFALO CITY SCHOOL DISTRICT,3375.0,3419.0,EMERSON SCHOOL OF HOSPITALITY,26,23,88%,0%,2010 Total Cohort - 5 Year Outcome,Not Economically Disadvantaged
1,14202,BUFFALO CITY SCHOOL DISTRICT,3375.0,3419.0,EMERSON SCHOOL OF HOSPITALITY,90,-,-,-,2010 Total Cohort - 5 Year Outcome,Not Migrant
1,14202,BUFFALO CITY SCHOOL DISTRICT,3375.0,3419.0,HUTCHINSON CENTRAL TECH HIGH SCHOOL,253,224,89%,9%,2010 Total Cohort - 5 Year Outcome,All Students
1,14202,BUFFALO CITY SCHOOL DISTRICT,3375.0,3419.0,HUTCHINSON CENTRAL TECH HIGH SCHOOL,122,110,90%,7%,2010 Total Cohort - 5 Year Outcome,Female
1,14202,BUFFALO CITY SCHOOL DISTRICT,3375.0,3419.0,HUTCHINSON CENTRAL TECH HIGH SCHOOL,131,114,87%,10%,2010 Total Cohort - 5 Year Outcome,Male
1,14202,BUFFALO CITY SCHOOL DISTRICT,3375.0,3419.0,HUTCHINSON CENTRAL TECH HIGH SCHOOL,7,-,-,-,2010 Total Cohort - 5 Year Outcome,American Indian or Alaska Native
1,14202,BUFFALO CITY SCHOOL DISTRICT,3375.0,3419.0,HUTCHINSON CENTRAL TECH HIGH SCHOOL,98,87,89%,6%,2010 Total Cohort - 5 Year Outcome,Black or African American
1,14202,BUFFALO CITY SCHOOL DISTRICT,3375.0,3419.0,HUTCHINSON CENTRAL TECH HIGH SCHOOL,30,24,80%,17%,2010 Total Cohort - 5 Year Outcome,Hispanic or Latino
1,14202,BUFFALO CITY SCHOOL DISTRICT,3375.0,3419.0,HUTCHINSON CENTRAL TECH HIGH SCHOOL,15,12,80%,20%,2010 Total Cohort - 5 Year Outcome,Asian or Pacific Islander
1,14202,BUFFALO CITY SCHOOL DISTRICT,3375.0,3419.0,HUTCHINSON CENTRAL TECH HIGH SCHOOL,102,94,92%,7%,2010 Total Cohort - 5 Year Outcome,White
1,14202,BUFFALO CITY SCHOOL DISTRICT,3375.0,3419.0,HUTCHINSON CENTRAL TECH HIGH SCHOOL,1,-,-,-,2010 Total Cohort - 5 Year Outcome,Multiracial
1,14202,BUFFALO CITY SCHOOL DISTRICT,3375.0,3419.0,HUTCHINSON CENTRAL TECH HIGH SCHOOL,240,215,90%,9%,2010 Total Cohort - 5 Year Outcome,General Education Students
1,14202,BUFFALO CITY SCHOOL DISTRICT,3375.0,3419.0,HUTCHINSON CENTRAL TECH HIGH SCHOOL,13,9,69%,8%,2010 Total Cohort - 5 Year Outcome,Students with Disabilities
1,14202,BUFFALO CITY SCHOOL DISTRICT,3375.0,3419.0,HUTCHINSON CENTRAL TECH HIGH SCHOOL,251,-,-,-,2010 Total Cohort - 5 Year Outcome,Not Limited English Proficient
1,14202,BUFFALO CITY SCHOOL DISTRICT,3375.0,3419.0,HUTCHINSON CENTRAL TECH HIGH SCHOOL,2,-,-,-,2010 Total Cohort - 5 Year Outcome,Limited English Proficient
1,14202,BUFFALO CITY SCHOOL DISTRICT,3375.0,3419.0,HUTCHINSON CENTRAL TECH HIGH SCHOOL,2,-,-,-,2010 Total Cohort - 5 Year Outcome,Formerly Limited English Proficient
1,14202,BUFFALO CITY SCHOOL DISTRICT,3375.0,3419.0,HUTCHINSON CENTRAL TECH HIGH SCHOOL,125,111,89%,7%,2010 Total Cohort - 5 Year Outcome,Economically Disadvantaged
1,14202,BUFFALO CITY SCHOOL DISTRICT,3375.0,3419.0,HUTCHINSON CENTRAL TECH HIGH SCHOOL,128,113,88%,10%,2010 Total Cohort - 5 Year Outcome,Not Economically Disadvantaged
1,14202,BUFFALO CITY SCHOOL DISTRICT,3375.0,3419.0,HUTCHINSON CENTRAL TECH HIGH SCHOOL,253,-,-,-,2010 Total Cohort - 5 Year Outcome,Not Migrant
1,14202,BUFFALO CITY SCHOOL DISTRICT,3375.0,3419.0,LAFAYETTE HIGH SCHOOL,114,30,26%,58%,2010 Total Cohort - 5 Year Outcome,All Students
1,14202,BUFFALO CITY SCHOOL DISTRICT,3375.0,3419.0,LAFAYETTE HIGH SCHOOL,44,13,30%,52%,2010 Total Cohort - 5 Year Outcome,Female
1,14202,BUFFALO CITY SCHOOL DISTRICT,3375.0,3419.0,LAFAYETTE HIGH SCHOOL,70,17,24%,61%,2010 Total Cohort - 5 Year Outcome,Male
1,14202,BUFFALO CITY SCHOOL DISTRICT,3375.0,3419.0,LAFAYETTE HIGH SCHOOL,20,11,55%,35%,2010 Total Cohort - 5 Year Outcome,Black or African American
1,14202,BUFFALO CITY SCHOOL DISTRICT,3375.0,3419.0,LAFAYETTE HIGH SCHOOL,46,6,13%,74%,2010 Total Cohort - 5 Year Outcome,Hispanic or Latino
1,14202,BUFFALO CITY SCHOOL DISTRICT,3375.0,3419.0,LAFAYETTE HIGH SCHOOL,42,12,29%,48%,2010 Total Cohort - 5 Year Outcome,Asian or Pacific Islander
1,14202,BUFFALO CITY SCHOOL DISTRICT,3375.0,3419.0,LAFAYETTE HIGH SCHOOL,5,-,-,-,2010 Total Cohort - 5 Year Outcome,White
1,14202,BUFFALO CITY SCHOOL DISTRICT,3375.0,3419.0,LAFAYETTE HIGH SCHOOL,1,-,-,-,2010 Total Cohort - 5 Year Outcome,Multiracial
1,14202,BUFFALO CITY SCHOOL DISTRICT,3375.0,3419.0,LAFAYETTE HIGH SCHOOL,93,27,29%,54%,2010 Total Cohort - 5 Year Outcome,General Education Students
1,14202,BUFFALO CITY SCHOOL DISTRICT,3375.0,3419.0,LAFAYETTE HIGH SCHOOL,21,3,14%,76%,2010 Total Cohort - 5 Year Outcome,Students with Disabilities
1,14202,BUFFALO CITY SCHOOL DISTRICT,3375.0,3419.0,LAFAYETTE HIGH SCHOOL,17,9,53%,41%,2010 Total Cohort - 5 Year Outcome,Not Limited English Proficient
1,14202,BUFFALO CITY SCHOOL DISTRICT,3375.0,3419.0,LAFAYETTE HIGH SCHOOL,97,21,22%,61%,2010 Total Cohort - 5 Year Outcome,Limited English Proficient
1,14202,BUFFALO CITY SCHOOL DISTRICT,3375.0,3419.0,LAFAYETTE HIGH SCHOOL,2,-,-,-,2010 Total Cohort - 5 Year Outcome,Formerly Limited English Proficient
1,14202,BUFFALO CITY SCHOOL DISTRICT,3375.0,3419.0,LAFAYETTE HIGH SCHOOL,77,22,29%,58%,2010 Total Cohort - 5 Year Outcome,Economically Disadvantaged
1,14202,BUFFALO CITY SCHOOL DISTRICT,3375.0,3419.0,LAFAYETTE HIGH SCHOOL,37,8,22%,57%,2010 Total Cohort - 5 Year Outcome,Not Economically Disadvantaged
1,14202,BUFFALO CITY SCHOOL DISTRICT,3375.0,3419.0,LAFAYETTE HIGH SCHOOL,1,-,-,-,2010 Total Cohort - 5 Year Outcome,Migrant
1,14202,BUFFALO CITY SCHOOL DISTRICT,3375.0,3419.0,LAFAYETTE HIGH SCHOOL,113,-,-,-,2010 Total Cohort - 5 Year Outcome,Not Migrant
1,14202,BUFFALO CITY SCHOOL DISTRICT,3375.0,3419.0,RIVERSIDE INSTITUTE OF TECHNOLOGY,256,69,27%,60%,2010 Total Cohort - 5 Year Outcome,All Students
1,14202,BUFFALO CITY SCHOOL DISTRICT,3375.0,3419.0,RIVERSIDE INSTITUTE OF TECHNOLOGY,108,32,30%,59%,2010 Total Cohort - 5 Year Outcome,Female
1,14202,BUFFALO CITY SCHOOL DISTRICT,3375.0,3419.0,RIVERSIDE INSTITUTE OF TECHNOLOGY,148,37,25%,61%,2010 Total Cohort - 5 Year Outcome,Male
1,14202,BUFFALO CITY SCHOOL DISTRICT,3375.0,3419.0,RIVERSIDE INSTITUTE OF TECHNOLOGY,3,-,-,-,2010 Total Cohort - 5 Year Outcome,American Indian or Alaska Native
1,14202,BUFFALO CITY SCHOOL DISTRICT,3375.0,3419.0,RIVERSIDE INSTITUTE OF TECHNOLOGY,116,22,19%,66%,2010 Total Cohort - 5 Year Outcome,Black or African American
1,14202,BUFFALO CITY SCHOOL DISTRICT,3375.0,3419.0,RIVERSIDE INSTITUTE OF TECHNOLOGY,66,20,30%,62%,2010 Total Cohort - 5 Year Outcome,Hispanic or Latino
1,14202,BUFFALO CITY SCHOOL DISTRICT,3375.0,3419.0,RIVERSIDE INSTITUTE OF TECHNOLOGY,41,14,34%,51%,2010 Total Cohort - 5 Year Outcome,Asian or Pacific Islander
1,14202,BUFFALO CITY SCHOOL DISTRICT,3375.0,3419.0,RIVERSIDE INSTITUTE OF TECHNOLOGY,29,-,-,-,2010 Total Cohort - 5 Year Outcome,White
1,14202,BUFFALO CITY SCHOOL DISTRICT,3375.0,3419.0,RIVERSIDE INSTITUTE OF TECHNOLOGY,1,-,-,-,2010 Total Cohort - 5 Year Outcome,Multiracial
1,14202,BUFFALO CITY SCHOOL DISTRICT,3375.0,3419.0,RIVERSIDE INSTITUTE OF TECHNOLOGY,206,63,31%,56%,2010 Total Cohort - 5 Year Outcome,General Education Students
1,14202,BUFFALO CITY SCHOOL DISTRICT,3375.0,3419.0,RIVERSIDE INSTITUTE OF TECHNOLOGY,50,6,12%,78%,2010 Total Cohort - 5 Year Outcome,Students with Disabilities
1,14202,BUFFALO CITY SCHOOL DISTRICT,3375.0,3419.0,RIVERSIDE INSTITUTE OF TECHNOLOGY,179,46,26%,63%,2010 Total Cohort - 5 Year Outcome,Not Limited English Proficient
1,14202,BUFFALO CITY SCHOOL DISTRICT,3375.0,3419.0,RIVERSIDE INSTITUTE OF TECHNOLOGY,77,23,30%,53%,2010 Total Cohort - 5 Year Outcome,Limited English Proficient
1,14202,BUFFALO CITY SCHOOL DISTRICT,3375.0,3419.0,RIVERSIDE INSTITUTE OF TECHNOLOGY,4,-,-,-,2010 Total Cohort - 5 Year Outcome,Formerly Limited English Proficient
1,14202,BUFFALO CITY SCHOOL DISTRICT,3375.0,3419.0,RIVERSIDE INSTITUTE OF TECHNOLOGY,158,43,27%,55%,2010 Total Cohort - 5 Year Outcome,Economically Disadvantaged
1,14202,BUFFALO CITY SCHOOL DISTRICT,3375.0,3419.0,RIVERSIDE INSTITUTE OF TECHNOLOGY,98,26,27%,68%,2010 Total Cohort - 5 Year Outcome,Not Economically Disadvantaged
1,14202,BUFFALO CITY SCHOOL DISTRICT,3375.0,3419.0,RIVERSIDE INSTITUTE OF TECHNOLOGY,256,-,-,-,2010 Total Cohort - 5 Year Outcome,Not Migrant
1,14202,BUFFALO CITY SCHOOL DISTRICT,3375.0,3419.0,SOUTH PARK HIGH SCHOOL,266,163,61%,26%,2010 Total Cohort - 5 Year Outcome,All Students
1,14202,BUFFALO CITY SCHOOL DISTRICT,3375.0,3419.0,SOUTH PARK HIGH SCHOOL,125,84,67%,22%,2010 Total Cohort - 5 Year Outcome,Female
1,14202,BUFFALO CITY SCHOOL DISTRICT,3375.0,3419.0,SOUTH PARK HIGH SCHOOL,141,79,56%,29%,2010 Total Cohort - 5 Year Outcome,Male
1,14202,BUFFALO CITY SCHOOL DISTRICT,3375.0,3419.0,SOUTH PARK HIGH SCHOOL,3,-,-,-,2010 Total Cohort - 5 Year Outcome,American Indian or Alaska Native
1,14202,BUFFALO CITY SCHOOL DISTRICT,3375.0,3419.0,SOUTH PARK HIGH SCHOOL,70,39,56%,26%,2010 Total Cohort - 5 Year Outcome,Black or African American
1,14202,BUFFALO CITY SCHOOL DISTRICT,3375.0,3419.0,SOUTH PARK HIGH SCHOOL,58,34,59%,29%,2010 Total Cohort - 5 Year Outcome,Hispanic or Latino
1,14202,BUFFALO CITY SCHOOL DISTRICT,3375.0,3419.0,SOUTH PARK HIGH SCHOOL,3,-,-,-,2010 Total Cohort - 5 Year Outcome,Asian or Pacific Islander
1,14202,BUFFALO CITY SCHOOL DISTRICT,3375.0,3419.0,SOUTH PARK HIGH SCHOOL,124,80,65%,25%,2010 Total Cohort - 5 Year Outcome,White
1,14202,BUFFALO CITY SCHOOL DISTRICT,3375.0,3419.0,SOUTH PARK HIGH SCHOOL,8,6,75%,25%,2010 Total Cohort - 5 Year Outcome,Multiracial
1,14202,BUFFALO CITY SCHOOL DISTRICT,3375.0,3419.0,SOUTH PARK HIGH SCHOOL,187,131,70%,25%,2010 Total Cohort - 5 Year Outcome,General Education Students
1,14202,BUFFALO CITY SCHOOL DISTRICT,3375.0,3419.0,SOUTH PARK HIGH SCHOOL,79,32,41%,28%,2010 Total Cohort - 5 Year Outcome,Students with Disabilities
1,14202,BUFFALO CITY SCHOOL DISTRICT,3375.0,3419.0,SOUTH PARK HIGH SCHOOL,256,162,63%,25%,2010 Total Cohort - 5 Year Outcome,Not Limited English Proficient
1,14202,BUFFALO CITY SCHOOL DISTRICT,3375.0,3419.0,SOUTH PARK HIGH SCHOOL,10,1,10%,50%,2010 Total Cohort - 5 Year Outcome,Limited English Proficient
1,14202,BUFFALO CITY SCHOOL DISTRICT,3375.0,3419.0,SOUTH PARK HIGH SCHOOL,4,-,-,-,2010 Total Cohort - 5 Year Outcome,Formerly Limited English Proficient
1,14202,BUFFALO CITY SCHOOL DISTRICT,3375.0,3419.0,SOUTH PARK HIGH SCHOOL,154,86,56%,29%,2010 Total Cohort - 5 Year Outcome,Economically Disadvantaged
1,14202,BUFFALO CITY SCHOOL DISTRICT,3375.0,3419.0,SOUTH PARK HIGH SCHOOL,112,77,69%,22%,2010 Total Cohort - 5 Year Outcome,Not Economically Disadvantaged
1,14202,BUFFALO CITY SCHOOL DISTRICT,3375.0,3419.0,SOUTH PARK HIGH SCHOOL,266,-,-,-,2010 Total Cohort - 5 Year Outcome,Not Migrant
1,14202,BUFFALO CITY SCHOOL DISTRICT,3375.0,3419.0,LEONARDO DA VINCI HIGH SCHOOL,75,71,95%,4%,2010 Total Cohort - 5 Year Outcome,All Students
1,14202,BUFFALO CITY SCHOOL DISTRICT,3375.0,3419.0,LEONARDO DA VINCI HIGH SCHOOL,56,53,95%,4%,2010 Total Cohort - 5 Year Outcome,Female
1,14202,BUFFALO CITY SCHOOL DISTRICT,3375.0,3419.0,LEONARDO DA VINCI HIGH SCHOOL,19,18,95%,5%,2010 Total Cohort - 5 Year Outcome,Male
1,14202,BUFFALO CITY SCHOOL DISTRICT,3375.0,3419.0,LEONARDO DA VINCI HIGH SCHOOL,2,-,-,-,2010 Total Cohort - 5 Year Outcome,American Indian or Alaska Native
1,14202,BUFFALO CITY SCHOOL DISTRICT,3375.0,3419.0,LEONARDO DA VINCI HIGH SCHOOL,18,17,94%,6%,2010 Total Cohort - 5 Year Outcome,Black or African American
1,14202,BUFFALO CITY SCHOOL DISTRICT,3375.0,3419.0,LEONARDO DA VINCI HIGH SCHOOL,11,11,100%,0%,2010 Total Cohort - 5 Year Outcome,Hispanic or Latino
1,14202,BUFFALO CITY SCHOOL DISTRICT,3375.0,3419.0,LEONARDO DA VINCI HIGH SCHOOL,6,-,-,-,2010 Total Cohort - 5 Year Outcome,Asian or Pacific Islander
1,14202,BUFFALO CITY SCHOOL DISTRICT,3375.0,3419.0,LEONARDO DA VINCI HIGH SCHOOL,38,36,95%,3%,2010 Total Cohort - 5 Year Outcome,White
1,14202,BUFFALO CITY SCHOOL DISTRICT,3375.0,3419.0,LEONARDO DA VINCI HIGH SCHOOL,69,65,94%,4%,2010 Total Cohort - 5 Year Outcome,General Education Students
1,14202,BUFFALO CITY SCHOOL DISTRICT,3375.0,3419.0,LEONARDO DA VINCI HIGH SCHOOL,6,6,100%,0%,2010 Total Cohort - 5 Year Outcome,Students with Disabilities
1,14202,BUFFALO CITY SCHOOL DISTRICT,3375.0,3419.0,LEONARDO DA VINCI HIGH SCHOOL,73,-,-,-,2010 Total Cohort - 5 Year Outcome,Not Limited English Proficient
1,14202,BUFFALO CITY SCHOOL DISTRICT,3375.0,3419.0,LEONARDO DA VINCI HIGH SCHOOL,2,-,-,-,2010 Total Cohort - 5 Year Outcome,Limited English Proficient
1,14202,BUFFALO CITY SCHOOL DISTRICT,3375.0,3419.0,LEONARDO DA VINCI HIGH SCHOOL,1,-,-,-,2010 Total Cohort - 5 Year Outcome,Formerly Limited English Proficient
1,14202,BUFFALO CITY SCHOOL DISTRICT,3375.0,3419.0,LEONARDO DA VINCI HIGH SCHOOL,28,25,89%,11%,2010 Total Cohort - 5 Year Outcome,Economically Disadvantaged
1,14202,BUFFALO CITY SCHOOL DISTRICT,3375.0,3419.0,LEONARDO DA VINCI HIGH SCHOOL,47,46,98%,0%,2010 Total Cohort - 5 Year Outcome,Not Economically Disadvantaged
1,14202,BUFFALO CITY SCHOOL DISTRICT,3375.0,3419.0,LEONARDO DA VINCI HIGH SCHOOL,75,-,-,-,2010 Total Cohort - 5 Year Outcome,Not Migrant
1,14202,BUFFALO CITY SCHOOL DISTRICT,3375.0,3419.0,MATH SCIENCE TECH PREP SCHOOL-SENECA,72,44,61%,21%,2010 Total Cohort - 5 Year Outcome,All Students
1,14202,BUFFALO CITY SCHOOL DISTRICT,3375.0,3419.0,MATH SCIENCE TECH PREP SCHOOL-SENECA,37,24,65%,14%,2010 Total Cohort - 5 Year Outcome,Female
1,14202,BUFFALO CITY SCHOOL DISTRICT,3375.0,3419.0,MATH SCIENCE TECH PREP SCHOOL-SENECA,35,20,57%,29%,2010 Total Cohort - 5 Year Outcome,Male
1,14202,BUFFALO CITY SCHOOL DISTRICT,3375.0,3419.0,MATH SCIENCE TECH PREP SCHOOL-SENECA,1,-,-,-,2010 Total Cohort - 5 Year Outcome,American Indian or Alaska Native
1,14202,BUFFALO CITY SCHOOL DISTRICT,3375.0,3419.0,MATH SCIENCE TECH PREP SCHOOL-SENECA,59,32,54%,24%,2010 Total Cohort - 5 Year Outcome,Black or African American
1,14202,BUFFALO CITY SCHOOL DISTRICT,3375.0,3419.0,MATH SCIENCE TECH PREP SCHOOL-SENECA,4,-,-,-,2010 Total Cohort - 5 Year Outcome,Hispanic or Latino
1,14202,BUFFALO CITY SCHOOL DISTRICT,3375.0,3419.0,MATH SCIENCE TECH PREP SCHOOL-SENECA,2,-,-,-,2010 Total Cohort - 5 Year Outcome,Asian or Pacific Islander
1,14202,BUFFALO CITY SCHOOL DISTRICT,3375.0,3419.0,MATH SCIENCE TECH PREP SCHOOL-SENECA,5,5,100%,0%,2010 Total Cohort - 5 Year Outcome,White
1,14202,BUFFALO CITY SCHOOL DISTRICT,3375.0,3419.0,MATH SCIENCE TECH PREP SCHOOL-SENECA,1,-,-,-,2010 Total Cohort - 5 Year Outcome,Multiracial
1,14202,BUFFALO CITY SCHOOL DISTRICT,3375.0,3419.0,MATH SCIENCE TECH PREP SCHOOL-SENECA,60,39,65%,17%,2010 Total Cohort - 5 Year Outcome,General Education Students
1,14202,BUFFALO CITY SCHOOL DISTRICT,3375.0,3419.0,MATH SCIENCE TECH PREP SCHOOL-SENECA,12,5,42%,42%,2010 Total Cohort - 5 Year Outcome,Students with Disabilities
1,14202,BUFFALO CITY SCHOOL DISTRICT,3375.0,3419.0,MATH SCIENCE TECH PREP SCHOOL-SENECA,69,-,-,-,2010 Total Cohort - 5 Year Outcome,Not Limited English Proficient
1,14202,BUFFALO CITY SCHOOL DISTRICT,3375.0,3419.0,MATH SCIENCE TECH PREP SCHOOL-SENECA,3,-,-,-,2010 Total Cohort - 5 Year Outcome,Limited English Proficient
1,14202,BUFFALO CITY SCHOOL DISTRICT,3375.0,3419.0,MATH SCIENCE TECH PREP SCHOOL-SENECA,48,30,63%,23%,2010 Total Cohort - 5 Year Outcome,Economically Disadvantaged
1,14202,BUFFALO CITY SCHOOL DISTRICT,3375.0,3419.0,MATH SCIENCE TECH PREP SCHOOL-SENECA,24,14,58%,17%,2010 Total Cohort - 5 Year Outcome,Not Economically Disadvantaged
1,14202,BUFFALO CITY SCHOOL DISTRICT,3375.0,3419.0,MATH SCIENCE TECH PREP SCHOOL-SENECA,72,-,-,-,2010 Total Cohort - 5 Year Outcome,Not Migrant
1,14202,BUFFALO CITY SCHOOL DISTRICT,3375.0,3419.0,ALTERNATIVE HIGH SCHOOL AT 44,89,3,3%,81%,2010 Total Cohort - 5 Year Outcome,All Students
1,14202,BUFFALO CITY SCHOOL DISTRICT,3375.0,3419.0,ALTERNATIVE HIGH SCHOOL AT 44,43,1,2%,84%,2010 Total Cohort - 5 Year Outcome,Female
1,14202,BUFFALO CITY SCHOOL DISTRICT,3375.0,3419.0,ALTERNATIVE HIGH SCHOOL AT 44,46,2,4%,78%,2010 Total Cohort - 5 Year Outcome,Male
1,14202,BUFFALO CITY SCHOOL DISTRICT,3375.0,3419.0,ALTERNATIVE HIGH SCHOOL AT 44,1,-,-,-,2010 Total Cohort - 5 Year Outcome,American Indian or Alaska Native
1,14202,BUFFALO CITY SCHOOL DISTRICT,3375.0,3419.0,ALTERNATIVE HIGH SCHOOL AT 44,59,2,3%,81%,2010 Total Cohort - 5 Year Outcome,Black or African American
1,14202,BUFFALO CITY SCHOOL DISTRICT,3375.0,3419.0,ALTERNATIVE HIGH SCHOOL AT 44,15,0,0%,80%,2010 Total Cohort - 5 Year Outcome,Hispanic or Latino
1,14202,BUFFALO CITY SCHOOL DISTRICT,3375.0,3419.0,ALTERNATIVE HIGH SCHOOL AT 44,12,-,-,-,2010 Total Cohort - 5 Year Outcome,White
1,14202,BUFFALO CITY SCHOOL DISTRICT,3375.0,3419.0,ALTERNATIVE HIGH SCHOOL AT 44,2,-,-,-,2010 Total Cohort - 5 Year Outcome,Multiracial
1,14202,BUFFALO CITY SCHOOL DISTRICT,3375.0,3419.0,ALTERNATIVE HIGH SCHOOL AT 44,69,1,1%,83%,2010 Total Cohort - 5 Year Outcome,General Education Students
1,14202,BUFFALO CITY SCHOOL DISTRICT,3375.0,3419.0,ALTERNATIVE HIGH SCHOOL AT 44,20,2,10%,75%,2010 Total Cohort - 5 Year Outcome,Students with Disabilities
1,14202,BUFFALO CITY SCHOOL DISTRICT,3375.0,3419.0,ALTERNATIVE HIGH SCHOOL AT 44,84,3,4%,83%,2010 Total Cohort - 5 Year Outcome,Not Limited English Proficient
1,14202,BUFFALO CITY SCHOOL DISTRICT,3375.0,3419.0,ALTERNATIVE HIGH SCHOOL AT 44,5,0,0%,40%,2010 Total Cohort - 5 Year Outcome,Limited English Proficient
1,14202,BUFFALO CITY SCHOOL DISTRICT,3375.0,3419.0,ALTERNATIVE HIGH SCHOOL AT 44,41,3,7%,71%,2010 Total Cohort - 5 Year Outcome,Economically Disadvantaged
1,14202,BUFFALO CITY SCHOOL DISTRICT,3375.0,3419.0,ALTERNATIVE HIGH SCHOOL AT 44,48,0,0%,90%,2010 Total Cohort - 5 Year Outcome,Not Economically Disadvantaged
1,14202,BUFFALO CITY SCHOOL DISTRICT,3375.0,3419.0,ALTERNATIVE HIGH SCHOOL AT 44,89,-,-,-,2010 Total Cohort - 5 Year Outcome,Not Migrant
1,14202,BUFFALO CITY SCHOOL DISTRICT,3375.0,3419.0,MIDDLE EARLY COLLEGE HIGH SCHOOL,77,69,90%,9%,2010 Total Cohort - 5 Year Outcome,All Students
1,14202,BUFFALO CITY SCHOOL DISTRICT,3375.0,3419.0,MIDDLE EARLY COLLEGE HIGH SCHOOL,35,31,89%,9%,2010 Total Cohort - 5 Year Outcome,Female
1,14202,BUFFALO CITY SCHOOL DISTRICT,3375.0,3419.0,MIDDLE EARLY COLLEGE HIGH SCHOOL,42,38,90%,10%,2010 Total Cohort - 5 Year Outcome,Male
1,14202,BUFFALO CITY SCHOOL DISTRICT,3375.0,3419.0,MIDDLE EARLY COLLEGE HIGH SCHOOL,51,44,86%,12%,2010 Total Cohort - 5 Year Outcome,Black or African American
1,14202,BUFFALO CITY SCHOOL DISTRICT,3375.0,3419.0,MIDDLE EARLY COLLEGE HIGH SCHOOL,8,8,100%,0%,2010 Total Cohort - 5 Year Outcome,Hispanic or Latino
1,14202,BUFFALO CITY SCHOOL DISTRICT,3375.0,3419.0,MIDDLE EARLY COLLEGE HIGH SCHOOL,18,17,94%,6%,2010 Total Cohort - 5 Year Outcome,White
1,14202,BUFFALO CITY SCHOOL DISTRICT,3375.0,3419.0,MIDDLE EARLY COLLEGE HIGH SCHOOL,67,59,88%,10%,2010 Total Cohort - 5 Year Outcome,General Education Students
1,14202,BUFFALO CITY SCHOOL DISTRICT,3375.0,3419.0,MIDDLE EARLY COLLEGE HIGH SCHOOL,10,10,100%,0%,2010 Total Cohort - 5 Year Outcome,Students with Disabilities
1,14202,BUFFALO CITY SCHOOL DISTRICT,3375.0,3419.0,MIDDLE EARLY COLLEGE HIGH SCHOOL,77,-,-,-,2010 Total Cohort - 5 Year Outcome,Not Limited English Proficient
1,14202,BUFFALO CITY SCHOOL DISTRICT,3375.0,3419.0,MIDDLE EARLY COLLEGE HIGH SCHOOL,2,-,-,-,2010 Total Cohort - 5 Year Outcome,Formerly Limited English Proficient
1,14202,BUFFALO CITY SCHOOL DISTRICT,3375.0,3419.0,MIDDLE EARLY COLLEGE HIGH SCHOOL,36,31,86%,11%,2010 Total Cohort - 5 Year Outcome,Economically Disadvantaged
1,14202,BUFFALO CITY SCHOOL DISTRICT,3375.0,3419.0,MIDDLE EARLY COLLEGE HIGH SCHOOL,41,38,93%,7%,2010 Total Cohort - 5 Year Outcome,Not Economically Disadvantaged
1,14202,BUFFALO CITY SCHOOL DISTRICT,3375.0,3419.0,MIDDLE EARLY COLLEGE HIGH SCHOOL,77,-,-,-,2010 Total Cohort - 5 Year Outcome,Not Migrant
1,14202,BUFFALO CITY SCHOOL DISTRICT,3375.0,3419.0,EAST HIGH SCHOOL,157,86,55%,34%,2010 Total Cohort - 5 Year Outcome,All Students
1,14202,BUFFALO CITY SCHOOL DISTRICT,3375.0,3419.0,EAST HIGH SCHOOL,93,55,59%,28%,2010 Total Cohort - 5 Year Outcome,Female
1,14202,BUFFALO CITY SCHOOL DISTRICT,3375.0,3419.0,EAST HIGH SCHOOL,64,31,48%,44%,2010 Total Cohort - 5 Year Outcome,Male
1,14202,BUFFALO CITY SCHOOL DISTRICT,3375.0,3419.0,EAST HIGH SCHOOL,135,76,56%,31%,2010 Total Cohort - 5 Year Outcome,Black or African American
1,14202,BUFFALO CITY SCHOOL DISTRICT,3375.0,3419.0,EAST HIGH SCHOOL,13,7,54%,46%,2010 Total Cohort - 5 Year Outcome,Hispanic or Latino
1,14202,BUFFALO CITY SCHOOL DISTRICT,3375.0,3419.0,EAST HIGH SCHOOL,4,-,-,-,2010 Total Cohort - 5 Year Outcome,Asian or Pacific Islander
1,14202,BUFFALO CITY SCHOOL DISTRICT,3375.0,3419.0,EAST HIGH SCHOOL,5,-,-,-,2010 Total Cohort - 5 Year Outcome,White
1,14202,BUFFALO CITY SCHOOL DISTRICT,3375.0,3419.0,EAST HIGH SCHOOL,122,66,54%,33%,2010 Total Cohort - 5 Year Outcome,General Education Students
1,14202,BUFFALO CITY SCHOOL DISTRICT,3375.0,3419.0,EAST HIGH SCHOOL,35,20,57%,40%,2010 Total Cohort - 5 Year Outcome,Students with Disabilities
1,14202,BUFFALO CITY SCHOOL DISTRICT,3375.0,3419.0,EAST HIGH SCHOOL,150,85,57%,32%,2010 Total Cohort - 5 Year Outcome,Not Limited English Proficient
1,14202,BUFFALO CITY SCHOOL DISTRICT,3375.0,3419.0,EAST HIGH SCHOOL,7,1,14%,86%,2010 Total Cohort - 5 Year Outcome,Limited English Proficient
1,14202,BUFFALO CITY SCHOOL DISTRICT,3375.0,3419.0,EAST HIGH SCHOOL,94,45,48%,39%,2010 Total Cohort - 5 Year Outcome,Economically Disadvantaged
1,14202,BUFFALO CITY SCHOOL DISTRICT,3375.0,3419.0,EAST HIGH SCHOOL,63,41,65%,27%,2010 Total Cohort - 5 Year Outcome,Not Economically Disadvantaged
1,14202,BUFFALO CITY SCHOOL DISTRICT,3375.0,3419.0,EAST HIGH SCHOOL,157,-,-,-,2010 Total Cohort - 5 Year Outcome,Not Migrant
1,14202,BUFFALO CITY SCHOOL DISTRICT,3375.0,3419.0,INTER PREP SCH-GROVER CLEVELAND #187,77,45,58%,31%,2010 Total Cohort - 5 Year Outcome,All Students
1,14202,BUFFALO CITY SCHOOL DISTRICT,3375.0,3419.0,INTER PREP SCH-GROVER CLEVELAND #187,36,22,61%,28%,2010 Total Cohort - 5 Year Outcome,Female
1,14202,BUFFALO CITY SCHOOL DISTRICT,3375.0,3419.0,INTER PREP SCH-GROVER CLEVELAND #187,41,23,56%,34%,2010 Total Cohort - 5 Year Outcome,Male
1,14202,BUFFALO CITY SCHOOL DISTRICT,3375.0,3419.0,INTER PREP SCH-GROVER CLEVELAND #187,37,22,59%,30%,2010 Total Cohort - 5 Year Outcome,Black or African American
1,14202,BUFFALO CITY SCHOOL DISTRICT,3375.0,3419.0,INTER PREP SCH-GROVER CLEVELAND #187,19,12,63%,32%,2010 Total Cohort - 5 Year Outcome,Hispanic or Latino
1,14202,BUFFALO CITY SCHOOL DISTRICT,3375.0,3419.0,INTER PREP SCH-GROVER CLEVELAND #187,12,8,67%,25%,2010 Total Cohort - 5 Year Outcome,Asian or Pacific Islander
1,14202,BUFFALO CITY SCHOOL DISTRICT,3375.0,3419.0,INTER PREP SCH-GROVER CLEVELAND #187,8,-,-,-,2010 Total Cohort - 5 Year Outcome,White
1,14202,BUFFALO CITY SCHOOL DISTRICT,3375.0,3419.0,INTER PREP SCH-GROVER CLEVELAND #187,1,-,-,-,2010 Total Cohort - 5 Year Outcome,Multiracial
1,14202,BUFFALO CITY SCHOOL DISTRICT,3375.0,3419.0,INTER PREP SCH-GROVER CLEVELAND #187,65,40,62%,26%,2010 Total Cohort - 5 Year Outcome,General Education Students
1,14202,BUFFALO CITY SCHOOL DISTRICT,3375.0,3419.0,INTER PREP SCH-GROVER CLEVELAND #187,12,5,42%,58%,2010 Total Cohort - 5 Year Outcome,Students with Disabilities
1,14202,BUFFALO CITY SCHOOL DISTRICT,3375.0,3419.0,INTER PREP SCH-GROVER CLEVELAND #187,53,35,66%,28%,2010 Total Cohort - 5 Year Outcome,Not Limited English Proficient
1,14202,BUFFALO CITY SCHOOL DISTRICT,3375.0,3419.0,INTER PREP SCH-GROVER CLEVELAND #187,24,10,42%,38%,2010 Total Cohort - 5 Year Outcome,Limited English Proficient
1,14202,BUFFALO CITY SCHOOL DISTRICT,3375.0,3419.0,INTER PREP SCH-GROVER CLEVELAND #187,6,5,83%,17%,2010 Total Cohort - 5 Year Outcome,Formerly Limited English Proficient
1,14202,BUFFALO CITY SCHOOL DISTRICT,3375.0,3419.0,INTER PREP SCH-GROVER CLEVELAND #187,57,39,68%,25%,2010 Total Cohort - 5 Year Outcome,Economically Disadvantaged
1,14202,BUFFALO CITY SCHOOL DISTRICT,3375.0,3419.0,INTER PREP SCH-GROVER CLEVELAND #187,20,6,30%,50%,2010 Total Cohort - 5 Year Outcome,Not Economically Disadvantaged
1,14202,BUFFALO CITY SCHOOL DISTRICT,3375.0,3419.0,INTER PREP SCH-GROVER CLEVELAND #187,77,-,-,-,2010 Total Cohort - 5 Year Outcome,Not Migrant
11,14212,CHEEKTOWAGA-SLOAN UNION FREE SCHOOL DISTRICT,2295.0,10611.0,JOHN F KENNEDY SENIOR HIGH SCHOOL,105,96,91%,8%,2010 Total Cohort - 5 Year Outcome,All Students
11,14212,CHEEKTOWAGA-SLOAN UNION FREE SCHOOL DISTRICT,2295.0,10611.0,JOHN F KENNEDY SENIOR HIGH SCHOOL,61,58,95%,3%,2010 Total Cohort - 5 Year Outcome,Female
11,14212,CHEEKTOWAGA-SLOAN UNION FREE SCHOOL DISTRICT,2295.0,10611.0,JOHN F KENNEDY SENIOR HIGH SCHOOL,44,38,86%,14%,2010 Total Cohort - 5 Year Outcome,Male
11,14212,CHEEKTOWAGA-SLOAN UNION FREE SCHOOL DISTRICT,2295.0,10611.0,JOHN F KENNEDY SENIOR HIGH SCHOOL,5,4,80%,20%,2010 Total Cohort - 5 Year Outcome,Black or African American
11,14212,CHEEKTOWAGA-SLOAN UNION FREE SCHOOL DISTRICT,2295.0,10611.0,JOHN F KENNEDY SENIOR HIGH SCHOOL,1,-,-,-,2010 Total Cohort - 5 Year Outcome,Hispanic or Latino
11,14212,CHEEKTOWAGA-SLOAN UNION FREE SCHOOL DISTRICT,2295.0,10611.0,JOHN F KENNEDY SENIOR HIGH SCHOOL,3,-,-,-,2010 Total Cohort - 5 Year Outcome,Asian or Pacific Islander
11,14212,CHEEKTOWAGA-SLOAN UNION FREE SCHOOL DISTRICT,2295.0,10611.0,JOHN F KENNEDY SENIOR HIGH SCHOOL,95,87,92%,7%,2010 Total Cohort - 5 Year Outcome,White
11,14212,CHEEKTOWAGA-SLOAN UNION FREE SCHOOL DISTRICT,2295.0,10611.0,JOHN F KENNEDY SENIOR HIGH SCHOOL,1,-,-,-,2010 Total Cohort - 5 Year Outcome,Multiracial
11,14212,CHEEKTOWAGA-SLOAN UNION FREE SCHOOL DISTRICT,2295.0,10611.0,JOHN F KENNEDY SENIOR HIGH SCHOOL,91,85,93%,7%,2010 Total Cohort - 5 Year Outcome,General Education Students
11,14212,CHEEKTOWAGA-SLOAN UNION FREE SCHOOL DISTRICT,2295.0,10611.0,JOHN F KENNEDY SENIOR HIGH SCHOOL,14,11,79%,14%,2010 Total Cohort - 5 Year Outcome,Students with Disabilities
11,14212,CHEEKTOWAGA-SLOAN UNION FREE SCHOOL DISTRICT,2295.0,10611.0,JOHN F KENNEDY SENIOR HIGH SCHOOL,105,-,-,-,2010 Total Cohort - 5 Year Outcome,Not Limited English Proficient
11,14212,CHEEKTOWAGA-SLOAN UNION FREE SCHOOL DISTRICT,2295.0,10611.0,JOHN F KENNEDY SENIOR HIGH SCHOOL,44,40,91%,7%,2010 Total Cohort - 5 Year Outcome,Economically Disadvantaged
11,14212,CHEEKTOWAGA-SLOAN UNION FREE SCHOOL DISTRICT,2295.0,10611.0,JOHN F KENNEDY SENIOR HIGH SCHOOL,61,56,92%,8%,2010 Total Cohort - 5 Year Outcome,Not Economically Disadvantaged
11,14212,CHEEKTOWAGA-SLOAN UNION FREE SCHOOL DISTRICT,2295.0,10611.0,JOHN F KENNEDY SENIOR HIGH SCHOOL,105,-,-,-,2010 Total Cohort - 5 Year Outcome,Not Migrant
17,14218,LACKAWANNA CITY SCHOOL DISTRICT,3595.0,18912.0,LACKAWANNA HIGH SCHOOL,134,100,75%,21%,2010 Total Cohort - 5 Year Outcome,All Students
17,14218,LACKAWANNA CITY SCHOOL DISTRICT,3595.0,18912.0,LACKAWANNA HIGH SCHOOL,50,36,72%,26%,2010 Total Cohort - 5 Year Outcome,Female
17,14218,LACKAWANNA CITY SCHOOL DISTRICT,3595.0,18912.0,LACKAWANNA HIGH SCHOOL,84,64,76%,18%,2010 Total Cohort - 5 Year Outcome,Male
17,14218,LACKAWANNA CITY SCHOOL DISTRICT,3595.0,18912.0,LACKAWANNA HIGH SCHOOL,31,20,65%,23%,2010 Total Cohort - 5 Year Outcome,Black or African American
17,14218,LACKAWANNA CITY SCHOOL DISTRICT,3595.0,18912.0,LACKAWANNA HIGH SCHOOL,17,-,-,-,2010 Total Cohort - 5 Year Outcome,Hispanic or Latino
17,14218,LACKAWANNA CITY SCHOOL DISTRICT,3595.0,18912.0,LACKAWANNA HIGH SCHOOL,2,-,-,-,2010 Total Cohort - 5 Year Outcome,Asian or Pacific Islander
17,14218,LACKAWANNA CITY SCHOOL DISTRICT,3595.0,18912.0,LACKAWANNA HIGH SCHOOL,84,68,81%,17%,2010 Total Cohort - 5 Year Outcome,White
17,14218,LACKAWANNA CITY SCHOOL DISTRICT,3595.0,18912.0,LACKAWANNA HIGH SCHOOL,111,89,80%,18%,2010 Total Cohort - 5 Year Outcome,General Education Students
17,14218,LACKAWANNA CITY SCHOOL DISTRICT,3595.0,18912.0,LACKAWANNA HIGH SCHOOL,23,11,48%,35%,2010 Total Cohort - 5 Year Outcome,Students with Disabilities
17,14218,LACKAWANNA CITY SCHOOL DISTRICT,3595.0,18912.0,LACKAWANNA HIGH SCHOOL,132,-,-,-,2010 Total Cohort - 5 Year Outcome,Not Limited English Proficient
17,14218,LACKAWANNA CITY SCHOOL DISTRICT,3595.0,18912.0,LACKAWANNA HIGH SCHOOL,2,-,-,-,2010 Total Cohort - 5 Year Outcome,Limited English Proficient
17,14218,LACKAWANNA CITY SCHOOL DISTRICT,3595.0,18912.0,LACKAWANNA HIGH SCHOOL,3,-,-,-,2010 Total Cohort - 5 Year Outcome,Formerly Limited English Proficient
17,14218,LACKAWANNA CITY SCHOOL DISTRICT,3595.0,18912.0,LACKAWANNA HIGH SCHOOL,98,77,79%,16%,2010 Total Cohort - 5 Year Outcome,Economically Disadvantaged
17,14218,LACKAWANNA CITY SCHOOL DISTRICT,3595.0,18912.0,LACKAWANNA HIGH SCHOOL,36,23,64%,33%,2010 Total Cohort - 5 Year Outcome,Not Economically Disadvantaged
17,14218,LACKAWANNA CITY SCHOOL DISTRICT,3595.0,18912.0,LACKAWANNA HIGH SCHOOL,134,-,-,-,2010 Total Cohort - 5 Year Outcome,Not Migrant
22,14223,KENMORE-TONAWANDA UNION FREE SCHOOL DISTRICT,1196.0,23111.0,KENMORE EAST SENIOR HIGH SCHOOL,251,224,89%,3%,2010 Total Cohort - 5 Year Outcome,All Students
22,14223,KENMORE-TONAWANDA UNION FREE SCHOOL DISTRICT,1196.0,23111.0,KENMORE EAST SENIOR HIGH SCHOOL,125,114,91%,3%,2010 Total Cohort - 5 Year Outcome,Female
22,14223,KENMORE-TONAWANDA UNION FREE SCHOOL DISTRICT,1196.0,23111.0,KENMORE EAST SENIOR HIGH SCHOOL,126,110,87%,3%,2010 Total Cohort - 5 Year Outcome,Male
22,14223,KENMORE-TONAWANDA UNION FREE SCHOOL DISTRICT,1196.0,23111.0,KENMORE EAST SENIOR HIGH SCHOOL,3,-,-,-,2010 Total Cohort - 5 Year Outcome,American Indian or Alaska Native
22,14223,KENMORE-TONAWANDA UNION FREE SCHOOL DISTRICT,1196.0,23111.0,KENMORE EAST SENIOR HIGH SCHOOL,12,9,75%,0%,2010 Total Cohort - 5 Year Outcome,Black or African American
22,14223,KENMORE-TONAWANDA UNION FREE SCHOOL DISTRICT,1196.0,23111.0,KENMORE EAST SENIOR HIGH SCHOOL,6,5,83%,0%,2010 Total Cohort - 5 Year Outcome,Hispanic or Latino
22,14223,KENMORE-TONAWANDA UNION FREE SCHOOL DISTRICT,1196.0,23111.0,KENMORE EAST SENIOR HIGH SCHOOL,3,-,-,-,2010 Total Cohort - 5 Year Outcome,Asian or Pacific Islander
22,14223,KENMORE-TONAWANDA UNION FREE SCHOOL DISTRICT,1196.0,23111.0,KENMORE EAST SENIOR HIGH SCHOOL,226,204,90%,4%,2010 Total Cohort - 5 Year Outcome,White
22,14223,KENMORE-TONAWANDA UNION FREE SCHOOL DISTRICT,1196.0,23111.0,KENMORE EAST SENIOR HIGH SCHOOL,1,-,-,-,2010 Total Cohort - 5 Year Outcome,Multiracial
22,14223,KENMORE-TONAWANDA UNION FREE SCHOOL DISTRICT,1196.0,23111.0,KENMORE EAST SENIOR HIGH SCHOOL,210,201,96%,3%,2010 Total Cohort - 5 Year Outcome,General Education Students
22,14223,KENMORE-TONAWANDA UNION FREE SCHOOL DISTRICT,1196.0,23111.0,KENMORE EAST SENIOR HIGH SCHOOL,41,23,56%,2%,2010 Total Cohort - 5 Year Outcome,Students with Disabilities
22,14223,KENMORE-TONAWANDA UNION FREE SCHOOL DISTRICT,1196.0,23111.0,KENMORE EAST SENIOR HIGH SCHOOL,247,-,-,-,2010 Total Cohort - 5 Year Outcome,Not Limited English Proficient
22,14223,KENMORE-TONAWANDA UNION FREE SCHOOL DISTRICT,1196.0,23111.0,KENMORE EAST SENIOR HIGH SCHOOL,4,-,-,-,2010 Total Cohort - 5 Year Outcome,Limited English Proficient
22,14223,KENMORE-TONAWANDA UNION FREE SCHOOL DISTRICT,1196.0,23111.0,KENMORE EAST SENIOR HIGH SCHOOL,2,-,-,-,2010 Total Cohort - 5 Year Outcome,Formerly Limited English Proficient
22,14223,KENMORE-TONAWANDA UNION FREE SCHOOL DISTRICT,1196.0,23111.0,KENMORE EAST SENIOR HIGH SCHOOL,73,57,78%,1%,2010 Total Cohort - 5 Year Outcome,Economically Disadvantaged
22,14223,KENMORE-TONAWANDA UNION FREE SCHOOL DISTRICT,1196.0,23111.0,KENMORE EAST SENIOR HIGH SCHOOL,178,167,94%,4%,2010 Total Cohort - 5 Year Outcome,Not Economically Disadvantaged
22,14223,KENMORE-TONAWANDA UNION FREE SCHOOL DISTRICT,1196.0,23111.0,KENMORE EAST SENIOR HIGH SCHOOL,251,-,-,-,2010 Total Cohort - 5 Year Outcome,Not Migrant
22,14223,KENMORE-TONAWANDA UNION FREE SCHOOL DISTRICT,1196.0,23111.0,KENMORE WEST SENIOR HIGH SCHOOL,366,326,89%,4%,2010 Total Cohort - 5 Year Outcome,All Students
22,14223,KENMORE-TONAWANDA UNION FREE SCHOOL DISTRICT,1196.0,23111.0,KENMORE WEST SENIOR HIGH SCHOOL,163,151,93%,2%,2010 Total Cohort - 5 Year Outcome,Female
22,14223,KENMORE-TONAWANDA UNION FREE SCHOOL DISTRICT,1196.0,23111.0,KENMORE WEST SENIOR HIGH SCHOOL,203,175,86%,5%,2010 Total Cohort - 5 Year Outcome,Male
22,14223,KENMORE-TONAWANDA UNION FREE SCHOOL DISTRICT,1196.0,23111.0,KENMORE WEST SENIOR HIGH SCHOOL,2,-,-,-,2010 Total Cohort - 5 Year Outcome,American Indian or Alaska Native
22,14223,KENMORE-TONAWANDA UNION FREE SCHOOL DISTRICT,1196.0,23111.0,KENMORE WEST SENIOR HIGH SCHOOL,30,25,83%,10%,2010 Total Cohort - 5 Year Outcome,Black or African American
22,14223,KENMORE-TONAWANDA UNION FREE SCHOOL DISTRICT,1196.0,23111.0,KENMORE WEST SENIOR HIGH SCHOOL,13,10,77%,8%,2010 Total Cohort - 5 Year Outcome,Hispanic or Latino
22,14223,KENMORE-TONAWANDA UNION FREE SCHOOL DISTRICT,1196.0,23111.0,KENMORE WEST SENIOR HIGH SCHOOL,7,6,86%,14%,2010 Total Cohort - 5 Year Outcome,Asian or Pacific Islander
22,14223,KENMORE-TONAWANDA UNION FREE SCHOOL DISTRICT,1196.0,23111.0,KENMORE WEST SENIOR HIGH SCHOOL,309,281,91%,3%,2010 Total Cohort - 5 Year Outcome,White
22,14223,KENMORE-TONAWANDA UNION FREE SCHOOL DISTRICT,1196.0,23111.0,KENMORE WEST SENIOR HIGH SCHOOL,5,-,-,-,2010 Total Cohort - 5 Year Outcome,Multiracial
22,14223,KENMORE-TONAWANDA UNION FREE SCHOOL DISTRICT,1196.0,23111.0,KENMORE WEST SENIOR HIGH SCHOOL,313,283,90%,3%,2010 Total Cohort - 5 Year Outcome,General Education Students
22,14223,KENMORE-TONAWANDA UNION FREE SCHOOL DISTRICT,1196.0,23111.0,KENMORE WEST SENIOR HIGH SCHOOL,53,43,81%,11%,2010 Total Cohort - 5 Year Outcome,Students with Disabilities
22,14223,KENMORE-TONAWANDA UNION FREE SCHOOL DISTRICT,1196.0,23111.0,KENMORE WEST SENIOR HIGH SCHOOL,364,-,-,-,2010 Total Cohort - 5 Year Outcome,Not Limited English Proficient
22,14223,KENMORE-TONAWANDA UNION FREE SCHOOL DISTRICT,1196.0,23111.0,KENMORE WEST SENIOR HIGH SCHOOL,2,-,-,-,2010 Total Cohort - 5 Year Outcome,Limited English Proficient
22,14223,KENMORE-TONAWANDA UNION FREE SCHOOL DISTRICT,1196.0,23111.0,KENMORE WEST SENIOR HIGH SCHOOL,5,5,100%,0%,2010 Total Cohort - 5 Year Outcome,Formerly Limited English Proficient
22,14223,KENMORE-TONAWANDA UNION FREE SCHOOL DISTRICT,1196.0,23111.0,KENMORE WEST SENIOR HIGH SCHOOL,146,125,86%,5%,2010 Total Cohort - 5 Year Outcome,Economically Disadvantaged
22,14223,KENMORE-TONAWANDA UNION FREE SCHOOL DISTRICT,1196.0,23111.0,KENMORE WEST SENIOR HIGH SCHOOL,220,201,91%,3%,2010 Total Cohort - 5 Year Outcome,Not Economically Disadvantaged
22,14223,KENMORE-TONAWANDA UNION FREE SCHOOL DISTRICT,1196.0,23111.0,KENMORE WEST SENIOR HIGH SCHOOL,366,-,-,-,2010 Total Cohort - 5 Year Outcome,Not Migrant
23,14224,WEST SENECA CENTRAL SCHOOL DISTRICT,4098.0,40660.0,WEST SENECA WEST SENIOR HIGH SCHOOL,359,315,88%,6%,2010 Total Cohort - 5 Year Outcome,All Students
23,14224,WEST SENECA CENTRAL SCHOOL DISTRICT,4098.0,40660.0,WEST SENECA WEST SENIOR HIGH SCHOOL,189,167,88%,4%,2010 Total Cohort - 5 Year Outcome,Female
23,14224,WEST SENECA CENTRAL SCHOOL DISTRICT,4098.0,40660.0,WEST SENECA WEST SENIOR HIGH SCHOOL,170,148,87%,8%,2010 Total Cohort - 5 Year Outcome,Male
23,14224,WEST SENECA CENTRAL SCHOOL DISTRICT,4098.0,40660.0,WEST SENECA WEST SENIOR HIGH SCHOOL,2,-,-,-,2010 Total Cohort - 5 Year Outcome,American Indian or Alaska Native
23,14224,WEST SENECA CENTRAL SCHOOL DISTRICT,4098.0,40660.0,WEST SENECA WEST SENIOR HIGH SCHOOL,5,4,80%,20%,2010 Total Cohort - 5 Year Outcome,Black or African American
23,14224,WEST SENECA CENTRAL SCHOOL DISTRICT,4098.0,40660.0,WEST SENECA WEST SENIOR HIGH SCHOOL,6,3,50%,17%,2010 Total Cohort - 5 Year Outcome,Hispanic or Latino
23,14224,WEST SENECA CENTRAL SCHOOL DISTRICT,4098.0,40660.0,WEST SENECA WEST SENIOR HIGH SCHOOL,1,-,-,-,2010 Total Cohort - 5 Year Outcome,Asian or Pacific Islander
23,14224,WEST SENECA CENTRAL SCHOOL DISTRICT,4098.0,40660.0,WEST SENECA WEST SENIOR HIGH SCHOOL,340,303,89%,5%,2010 Total Cohort - 5 Year Outcome,White
23,14224,WEST SENECA CENTRAL SCHOOL DISTRICT,4098.0,40660.0,WEST SENECA WEST SENIOR HIGH SCHOOL,5,-,-,-,2010 Total Cohort - 5 Year Outcome,Multiracial
23,14224,WEST SENECA CENTRAL SCHOOL DISTRICT,4098.0,40660.0,WEST SENECA WEST SENIOR HIGH SCHOOL,321,292,91%,5%,2010 Total Cohort - 5 Year Outcome,General Education Students
23,14224,WEST SENECA CENTRAL SCHOOL DISTRICT,4098.0,40660.0,WEST SENECA WEST SENIOR HIGH SCHOOL,38,23,61%,11%,2010 Total Cohort - 5 Year Outcome,Students with Disabilities
23,14224,WEST SENECA CENTRAL SCHOOL DISTRICT,4098.0,40660.0,WEST SENECA WEST SENIOR HIGH SCHOOL,359,-,-,-,2010 Total Cohort - 5 Year Outcome,Not Limited English Proficient
23,14224,WEST SENECA CENTRAL SCHOOL DISTRICT,4098.0,40660.0,WEST SENECA WEST SENIOR HIGH SCHOOL,100,81,81%,10%,2010 Total Cohort - 5 Year Outcome,Economically Disadvantaged
23,14224,WEST SENECA CENTRAL SCHOOL DISTRICT,4098.0,40660.0,WEST SENECA WEST SENIOR HIGH SCHOOL,259,234,90%,4%,2010 Total Cohort - 5 Year Outcome,Not Economically Disadvantaged
23,14224,WEST SENECA CENTRAL SCHOOL DISTRICT,4098.0,40660.0,WEST SENECA WEST SENIOR HIGH SCHOOL,359,-,-,-,2010 Total Cohort - 5 Year Outcome,Not Migrant
23,14224,WEST SENECA CENTRAL SCHOOL DISTRICT,4098.0,40660.0,WEST SENECA EAST SENIOR HIGH SCHOOL,245,217,89%,3%,2010 Total Cohort - 5 Year Outcome,All Students
23,14224,WEST SENECA CENTRAL SCHOOL DISTRICT,4098.0,40660.0,WEST SENECA EAST SENIOR HIGH SCHOOL,122,112,92%,2%,2010 Total Cohort - 5 Year Outcome,Female
23,14224,WEST SENECA CENTRAL SCHOOL DISTRICT,4098.0,40660.0,WEST SENECA EAST SENIOR HIGH SCHOOL,123,105,85%,3%,2010 Total Cohort - 5 Year Outcome,Male
23,14224,WEST SENECA CENTRAL SCHOOL DISTRICT,4098.0,40660.0,WEST SENECA EAST SENIOR HIGH SCHOOL,1,-,-,-,2010 Total Cohort - 5 Year Outcome,American Indian or Alaska Native
23,14224,WEST SENECA CENTRAL SCHOOL DISTRICT,4098.0,40660.0,WEST SENECA EAST SENIOR HIGH SCHOOL,7,3,43%,29%,2010 Total Cohort - 5 Year Outcome,Black or African American
23,14224,WEST SENECA CENTRAL SCHOOL DISTRICT,4098.0,40660.0,WEST SENECA EAST SENIOR HIGH SCHOOL,3,-,-,-,2010 Total Cohort - 5 Year Outcome,Hispanic or Latino
23,14224,WEST SENECA CENTRAL SCHOOL DISTRICT,4098.0,40660.0,WEST SENECA EAST SENIOR HIGH SCHOOL,3,-,-,-,2010 Total Cohort - 5 Year Outcome,Asian or Pacific Islander
23,14224,WEST SENECA CENTRAL SCHOOL DISTRICT,4098.0,40660.0,WEST SENECA EAST SENIOR HIGH SCHOOL,228,207,91%,2%,2010 Total Cohort - 5 Year Outcome,White
23,14224,WEST SENECA CENTRAL SCHOOL DISTRICT,4098.0,40660.0,WEST SENECA EAST SENIOR HIGH SCHOOL,3,-,-,-,2010 Total Cohort - 5 Year Outcome,Multiracial
23,14224,WEST SENECA CENTRAL SCHOOL DISTRICT,4098.0,40660.0,WEST SENECA EAST SENIOR HIGH SCHOOL,214,199,93%,2%,2010 Total Cohort - 5 Year Outcome,General Education Students
23,14224,WEST SENECA CENTRAL SCHOOL DISTRICT,4098.0,40660.0,WEST SENECA EAST SENIOR HIGH SCHOOL,31,18,58%,6%,2010 Total Cohort - 5 Year Outcome,Students with Disabilities
23,14224,WEST SENECA CENTRAL SCHOOL DISTRICT,4098.0,40660.0,WEST SENECA EAST SENIOR HIGH SCHOOL,244,-,-,-,2010 Total Cohort - 5 Year Outcome,Not Limited English Proficient
23,14224,WEST SENECA CENTRAL SCHOOL DISTRICT,4098.0,40660.0,WEST SENECA EAST SENIOR HIGH SCHOOL,1,-,-,-,2010 Total Cohort - 5 Year Outcome,Limited English Proficient
23,14224,WEST SENECA CENTRAL SCHOOL DISTRICT,4098.0,40660.0,WEST SENECA EAST SENIOR HIGH SCHOOL,1,-,-,-,2010 Total Cohort - 5 Year Outcome,Formerly Limited English Proficient
23,14224,WEST SENECA CENTRAL SCHOOL DISTRICT,4098.0,40660.0,WEST SENECA EAST SENIOR HIGH SCHOOL,72,65,90%,3%,2010 Total Cohort - 5 Year Outcome,Economically Disadvantaged
23,14224,WEST SENECA CENTRAL SCHOOL DISTRICT,4098.0,40660.0,WEST SENECA EAST SENIOR HIGH SCHOOL,173,152,88%,3%,2010 Total Cohort - 5 Year Outcome,Not Economically Disadvantaged
23,14224,WEST SENECA CENTRAL SCHOOL DISTRICT,4098.0,40660.0,WEST SENECA EAST SENIOR HIGH SCHOOL,245,-,-,-,2010 Total Cohort - 5 Year Outcome,Not Migrant
24,14225,CHEEKTOWAGA CENTRAL SCHOOL DISTRICT,5170.0,33273.0,CHEEKTOWAGA HIGH SCHOOL,178,166,93%,3%,2010 Total Cohort - 5 Year Outcome,All Students
24,14225,CHEEKTOWAGA CENTRAL SCHOOL DISTRICT,5170.0,33273.0,CHEEKTOWAGA HIGH SCHOOL,89,85,96%,2%,2010 Total Cohort - 5 Year Outcome,Female
24,14225,CHEEKTOWAGA CENTRAL SCHOOL DISTRICT,5170.0,33273.0,CHEEKTOWAGA HIGH SCHOOL,89,81,91%,3%,2010 Total Cohort - 5 Year Outcome,Male
24,14225,CHEEKTOWAGA CENTRAL SCHOOL DISTRICT,5170.0,33273.0,CHEEKTOWAGA HIGH SCHOOL,1,-,-,-,2010 Total Cohort - 5 Year Outcome,American Indian or Alaska Native
24,14225,CHEEKTOWAGA CENTRAL SCHOOL DISTRICT,5170.0,33273.0,CHEEKTOWAGA HIGH SCHOOL,39,33,85%,5%,2010 Total Cohort - 5 Year Outcome,Black or African American
24,14225,CHEEKTOWAGA CENTRAL SCHOOL DISTRICT,5170.0,33273.0,CHEEKTOWAGA HIGH SCHOOL,6,-,-,-,2010 Total Cohort - 5 Year Outcome,Hispanic or Latino
24,14225,CHEEKTOWAGA CENTRAL SCHOOL DISTRICT,5170.0,33273.0,CHEEKTOWAGA HIGH SCHOOL,11,10,91%,0%,2010 Total Cohort - 5 Year Outcome,Asian or Pacific Islander
24,14225,CHEEKTOWAGA CENTRAL SCHOOL DISTRICT,5170.0,33273.0,CHEEKTOWAGA HIGH SCHOOL,118,113,96%,3%,2010 Total Cohort - 5 Year Outcome,White
24,14225,CHEEKTOWAGA CENTRAL SCHOOL DISTRICT,5170.0,33273.0,CHEEKTOWAGA HIGH SCHOOL,3,-,-,-,2010 Total Cohort - 5 Year Outcome,Multiracial
24,14225,CHEEKTOWAGA CENTRAL SCHOOL DISTRICT,5170.0,33273.0,CHEEKTOWAGA HIGH SCHOOL,157,150,96%,3%,2010 Total Cohort - 5 Year Outcome,General Education Students
24,14225,CHEEKTOWAGA CENTRAL SCHOOL DISTRICT,5170.0,33273.0,CHEEKTOWAGA HIGH SCHOOL,21,16,76%,0%,2010 Total Cohort - 5 Year Outcome,Students with Disabilities
24,14225,CHEEKTOWAGA CENTRAL SCHOOL DISTRICT,5170.0,33273.0,CHEEKTOWAGA HIGH SCHOOL,176,-,-,-,2010 Total Cohort - 5 Year Outcome,Not Limited English Proficient
24,14225,CHEEKTOWAGA CENTRAL SCHOOL DISTRICT,5170.0,33273.0,CHEEKTOWAGA HIGH SCHOOL,2,-,-,-,2010 Total Cohort - 5 Year Outcome,Limited English Proficient
24,14225,CHEEKTOWAGA CENTRAL SCHOOL DISTRICT,5170.0,33273.0,CHEEKTOWAGA HIGH SCHOOL,1,-,-,-,2010 Total Cohort - 5 Year Outcome,Formerly Limited English Proficient
24,14225,CHEEKTOWAGA CENTRAL SCHOOL DISTRICT,5170.0,33273.0,CHEEKTOWAGA HIGH SCHOOL,89,80,90%,3%,2010 Total Cohort - 5 Year Outcome,Economically Disadvantaged
24,14225,CHEEKTOWAGA CENTRAL SCHOOL DISTRICT,5170.0,33273.0,CHEEKTOWAGA HIGH SCHOOL,89,86,97%,2%,2010 Total Cohort - 5 Year Outcome,Not Economically Disadvantaged
24,14225,CHEEKTOWAGA CENTRAL SCHOOL DISTRICT,5170.0,33273.0,CHEEKTOWAGA HIGH SCHOOL,178,-,-,-,2010 Total Cohort - 5 Year Outcome,Not Migrant
24,14225,CHEEKTOWAGA CENTRAL SCHOOL DISTRICT,5170.0,33273.0,PINE HILL EDUCATION CENTER,16,11,69%,6%,2010 Total Cohort - 5 Year Outcome,All Students
24,14225,CHEEKTOWAGA CENTRAL SCHOOL DISTRICT,5170.0,33273.0,PINE HILL EDUCATION CENTER,8,6,75%,0%,2010 Total Cohort - 5 Year Outcome,Female
24,14225,CHEEKTOWAGA CENTRAL SCHOOL DISTRICT,5170.0,33273.0,PINE HILL EDUCATION CENTER,8,5,63%,13%,2010 Total Cohort - 5 Year Outcome,Male
24,14225,CHEEKTOWAGA CENTRAL SCHOOL DISTRICT,5170.0,33273.0,PINE HILL EDUCATION CENTER,10,6,60%,0%,2010 Total Cohort - 5 Year Outcome,Black or African American
24,14225,CHEEKTOWAGA CENTRAL SCHOOL DISTRICT,5170.0,33273.0,PINE HILL EDUCATION CENTER,6,5,83%,17%,2010 Total Cohort - 5 Year Outcome,White
24,14225,CHEEKTOWAGA CENTRAL SCHOOL DISTRICT,5170.0,33273.0,PINE HILL EDUCATION CENTER,9,6,67%,11%,2010 Total Cohort - 5 Year Outcome,General Education Students
24,14225,CHEEKTOWAGA CENTRAL SCHOOL DISTRICT,5170.0,33273.0,PINE HILL EDUCATION CENTER,7,5,71%,0%,2010 Total Cohort - 5 Year Outcome,Students with Disabilities
24,14225,CHEEKTOWAGA CENTRAL SCHOOL DISTRICT,5170.0,33273.0,PINE HILL EDUCATION CENTER,16,-,-,-,2010 Total Cohort - 5 Year Outcome,Not Limited English Proficient
24,14225,CHEEKTOWAGA CENTRAL SCHOOL DISTRICT,5170.0,33273.0,PINE HILL EDUCATION CENTER,11,8,73%,0%,2010 Total Cohort - 5 Year Outcome,Economically Disadvantaged
24,14225,CHEEKTOWAGA CENTRAL SCHOOL DISTRICT,5170.0,33273.0,PINE HILL EDUCATION CENTER,5,3,60%,20%,2010 Total Cohort - 5 Year Outcome,Not Economically Disadvantaged
24,14225,CHEEKTOWAGA CENTRAL SCHOOL DISTRICT,5170.0,33273.0,PINE HILL EDUCATION CENTER,16,-,-,-,2010 Total Cohort - 5 Year Outcome,Not Migrant
24,14225,CHEEKTOWAGA-MARYVALE UNION FREE SCHOOL DISTRICT,2386.0,33273.0,MARYVALE HIGH SCHOOL,172,146,85%,7%,2010 Total Cohort - 5 Year Outcome,All Students
24,14225,CHEEKTOWAGA-MARYVALE UNION FREE SCHOOL DISTRICT,2386.0,33273.0,MARYVALE HIGH SCHOOL,87,76,87%,1%,2010 Total Cohort - 5 Year Outcome,Female
24,14225,CHEEKTOWAGA-MARYVALE UNION FREE SCHOOL DISTRICT,2386.0,33273.0,MARYVALE HIGH SCHOOL,85,70,82%,13%,2010 Total Cohort - 5 Year Outcome,Male
24,14225,CHEEKTOWAGA-MARYVALE UNION FREE SCHOOL DISTRICT,2386.0,33273.0,MARYVALE HIGH SCHOOL,1,-,-,-,2010 Total Cohort - 5 Year Outcome,American Indian or Alaska Native
24,14225,CHEEKTOWAGA-MARYVALE UNION FREE SCHOOL DISTRICT,2386.0,33273.0,MARYVALE HIGH SCHOOL,9,-,-,-,2010 Total Cohort - 5 Year Outcome,Black or African American
24,14225,CHEEKTOWAGA-MARYVALE UNION FREE SCHOOL DISTRICT,2386.0,33273.0,MARYVALE HIGH SCHOOL,2,-,-,-,2010 Total Cohort - 5 Year Outcome,Hispanic or Latino
24,14225,CHEEKTOWAGA-MARYVALE UNION FREE SCHOOL DISTRICT,2386.0,33273.0,MARYVALE HIGH SCHOOL,159,136,86%,6%,2010 Total Cohort - 5 Year Outcome,White
24,14225,CHEEKTOWAGA-MARYVALE UNION FREE SCHOOL DISTRICT,2386.0,33273.0,MARYVALE HIGH SCHOOL,1,-,-,-,2010 Total Cohort - 5 Year Outcome,Multiracial
24,14225,CHEEKTOWAGA-MARYVALE UNION FREE SCHOOL DISTRICT,2386.0,33273.0,MARYVALE HIGH SCHOOL,154,136,88%,6%,2010 Total Cohort - 5 Year Outcome,General Education Students
24,14225,CHEEKTOWAGA-MARYVALE UNION FREE SCHOOL DISTRICT,2386.0,33273.0,MARYVALE HIGH SCHOOL,18,10,56%,17%,2010 Total Cohort - 5 Year Outcome,Students with Disabilities
24,14225,CHEEKTOWAGA-MARYVALE UNION FREE SCHOOL DISTRICT,2386.0,33273.0,MARYVALE HIGH SCHOOL,172,-,-,-,2010 Total Cohort - 5 Year Outcome,Not Limited English Proficient
24,14225,CHEEKTOWAGA-MARYVALE UNION FREE SCHOOL DISTRICT,2386.0,33273.0,MARYVALE HIGH SCHOOL,60,48,80%,12%,2010 Total Cohort - 5 Year Outcome,Economically Disadvantaged
24,14225,CHEEKTOWAGA-MARYVALE UNION FREE SCHOOL DISTRICT,2386.0,33273.0,MARYVALE HIGH SCHOOL,112,98,88%,4%,2010 Total Cohort - 5 Year Outcome,Not Economically Disadvantaged
24,14225,CHEEKTOWAGA-MARYVALE UNION FREE SCHOOL DISTRICT,2386.0,33273.0,MARYVALE HIGH SCHOOL,172,-,-,-,2010 Total Cohort - 5 Year Outcome,Not Migrant
24,14225,CLEVELAND HILL UNION FREE SCHOOL DISTRICT,1599.0,33273.0,CLEVELAND HILL HIGH SCHOOL,94,91,97%,3%,2010 Total Cohort - 5 Year Outcome,All Students
24,14225,CLEVELAND HILL UNION FREE SCHOOL DISTRICT,1599.0,33273.0,CLEVELAND HILL HIGH SCHOOL,36,35,97%,3%,2010 Total Cohort - 5 Year Outcome,Female
24,14225,CLEVELAND HILL UNION FREE SCHOOL DISTRICT,1599.0,33273.0,CLEVELAND HILL HIGH SCHOOL,58,56,97%,3%,2010 Total Cohort - 5 Year Outcome,Male
24,14225,CLEVELAND HILL UNION FREE SCHOOL DISTRICT,1599.0,33273.0,CLEVELAND HILL HIGH SCHOOL,30,28,93%,7%,2010 Total Cohort - 5 Year Outcome,Black or African American
24,14225,CLEVELAND HILL UNION FREE SCHOOL DISTRICT,1599.0,33273.0,CLEVELAND HILL HIGH SCHOOL,6,6,100%,0%,2010 Total Cohort - 5 Year Outcome,Hispanic or Latino
24,14225,CLEVELAND HILL UNION FREE SCHOOL DISTRICT,1599.0,33273.0,CLEVELAND HILL HIGH SCHOOL,4,-,-,-,2010 Total Cohort - 5 Year Outcome,Asian or Pacific Islander
24,14225,CLEVELAND HILL UNION FREE SCHOOL DISTRICT,1599.0,33273.0,CLEVELAND HILL HIGH SCHOOL,53,52,98%,2%,2010 Total Cohort - 5 Year Outcome,White
24,14225,CLEVELAND HILL UNION FREE SCHOOL DISTRICT,1599.0,33273.0,CLEVELAND HILL HIGH SCHOOL,1,-,-,-,2010 Total Cohort - 5 Year Outcome,Multiracial
24,14225,CLEVELAND HILL UNION FREE SCHOOL DISTRICT,1599.0,33273.0,CLEVELAND HILL HIGH SCHOOL,85,84,99%,1%,2010 Total Cohort - 5 Year Outcome,General Education Students
24,14225,CLEVELAND HILL UNION FREE SCHOOL DISTRICT,1599.0,33273.0,CLEVELAND HILL HIGH SCHOOL,9,7,78%,22%,2010 Total Cohort - 5 Year Outcome,Students with Disabilities
24,14225,CLEVELAND HILL UNION FREE SCHOOL DISTRICT,1599.0,33273.0,CLEVELAND HILL HIGH SCHOOL,94,-,-,-,2010 Total Cohort - 5 Year Outcome,Not Limited English Proficient
24,14225,CLEVELAND HILL UNION FREE SCHOOL DISTRICT,1599.0,33273.0,CLEVELAND HILL HIGH SCHOOL,36,34,94%,6%,2010 Total Cohort - 5 Year Outcome,Economically Disadvantaged
24,14225,CLEVELAND HILL UNION FREE SCHOOL DISTRICT,1599.0,33273.0,CLEVELAND HILL HIGH SCHOOL,58,57,98%,2%,2010 Total Cohort - 5 Year Outcome,Not Economically Disadvantaged
24,14225,CLEVELAND HILL UNION FREE SCHOOL DISTRICT,1599.0,33273.0,CLEVELAND HILL HIGH SCHOOL,94,-,-,-,2010 Total Cohort - 5 Year Outcome,Not Migrant
25,14226,AMHERST CENTRAL SCHOOL DISTRICT,4330.0,29414.0,AMHERST CENTRAL HIGH SCHOOL,194,190,98%,1%,2010 Total Cohort - 5 Year Outcome,All Students
25,14226,AMHERST CENTRAL SCHOOL DISTRICT,4330.0,29414.0,AMHERST CENTRAL HIGH SCHOOL,108,108,100%,0%,2010 Total Cohort - 5 Year Outcome,Female
25,14226,AMHERST CENTRAL SCHOOL DISTRICT,4330.0,29414.0,AMHERST CENTRAL HIGH SCHOOL,86,82,95%,2%,2010 Total Cohort - 5 Year Outcome,Male
25,14226,AMHERST CENTRAL SCHOOL DISTRICT,4330.0,29414.0,AMHERST CENTRAL HIGH SCHOOL,1,-,-,-,2010 Total Cohort - 5 Year Outcome,American Indian or Alaska Native
25,14226,AMHERST CENTRAL SCHOOL DISTRICT,4330.0,29414.0,AMHERST CENTRAL HIGH SCHOOL,37,35,95%,3%,2010 Total Cohort - 5 Year Outcome,Black or African American
25,14226,AMHERST CENTRAL SCHOOL DISTRICT,4330.0,29414.0,AMHERST CENTRAL HIGH SCHOOL,8,8,100%,0%,2010 Total Cohort - 5 Year Outcome,Hispanic or Latino
25,14226,AMHERST CENTRAL SCHOOL DISTRICT,4330.0,29414.0,AMHERST CENTRAL HIGH SCHOOL,3,-,-,-,2010 Total Cohort - 5 Year Outcome,Asian or Pacific Islander
25,14226,AMHERST CENTRAL SCHOOL DISTRICT,4330.0,29414.0,AMHERST CENTRAL HIGH SCHOOL,142,140,99%,1%,2010 Total Cohort - 5 Year Outcome,White
25,14226,AMHERST CENTRAL SCHOOL DISTRICT,4330.0,29414.0,AMHERST CENTRAL HIGH SCHOOL,3,-,-,-,2010 Total Cohort - 5 Year Outcome,Multiracial
25,14226,AMHERST CENTRAL SCHOOL DISTRICT,4330.0,29414.0,AMHERST CENTRAL HIGH SCHOOL,176,173,98%,1%,2010 Total Cohort - 5 Year Outcome,General Education Students
25,14226,AMHERST CENTRAL SCHOOL DISTRICT,4330.0,29414.0,AMHERST CENTRAL HIGH SCHOOL,18,17,94%,0%,2010 Total Cohort - 5 Year Outcome,Students with Disabilities
25,14226,AMHERST CENTRAL SCHOOL DISTRICT,4330.0,29414.0,AMHERST CENTRAL HIGH SCHOOL,193,-,-,-,2010 Total Cohort - 5 Year Outcome,Not Limited English Proficient
25,14226,AMHERST CENTRAL SCHOOL DISTRICT,4330.0,29414.0,AMHERST CENTRAL HIGH SCHOOL,1,-,-,-,2010 Total Cohort - 5 Year Outcome,Limited English Proficient
25,14226,AMHERST CENTRAL SCHOOL DISTRICT,4330.0,29414.0,AMHERST CENTRAL HIGH SCHOOL,1,-,-,-,2010 Total Cohort - 5 Year Outcome,Formerly Limited English Proficient
25,14226,AMHERST CENTRAL SCHOOL DISTRICT,4330.0,29414.0,AMHERST CENTRAL HIGH SCHOOL,54,53,98%,2%,2010 Total Cohort - 5 Year Outcome,Economically Disadvantaged
25,14226,AMHERST CENTRAL SCHOOL DISTRICT,4330.0,29414.0,AMHERST CENTRAL HIGH SCHOOL,140,137,98%,1%,2010 Total Cohort - 5 Year Outcome,Not Economically Disadvantaged
25,14226,AMHERST CENTRAL SCHOOL DISTRICT,4330.0,29414.0,AMHERST CENTRAL HIGH SCHOOL,194,-,-,-,2010 Total Cohort - 5 Year Outcome,Not Migrant
27,14228,SWEET HOME CENTRAL SCHOOL DISTRICT,3399.0,21533.0,SWEET HOME SENIOR HIGH SCHOOL,255,241,95%,5%,2010 Total Cohort - 5 Year Outcome,All Students
27,14228,SWEET HOME CENTRAL SCHOOL DISTRICT,3399.0,21533.0,SWEET HOME SENIOR HIGH SCHOOL,111,107,96%,4%,2010 Total Cohort - 5 Year Outcome,Female
27,14228,SWEET HOME CENTRAL SCHOOL DISTRICT,3399.0,21533.0,SWEET HOME SENIOR HIGH SCHOOL,144,134,93%,6%,2010 Total Cohort - 5 Year Outcome,Male
27,14228,SWEET HOME CENTRAL SCHOOL DISTRICT,3399.0,21533.0,SWEET HOME SENIOR HIGH SCHOOL,2,-,-,-,2010 Total Cohort - 5 Year Outcome,American Indian or Alaska Native
27,14228,SWEET HOME CENTRAL SCHOOL DISTRICT,3399.0,21533.0,SWEET HOME SENIOR HIGH SCHOOL,35,33,94%,6%,2010 Total Cohort - 5 Year Outcome,Black or African American
27,14228,SWEET HOME CENTRAL SCHOOL DISTRICT,3399.0,21533.0,SWEET HOME SENIOR HIGH SCHOOL,7,-,-,-,2010 Total Cohort - 5 Year Outcome,Hispanic or Latino
27,14228,SWEET HOME CENTRAL SCHOOL DISTRICT,3399.0,21533.0,SWEET HOME SENIOR HIGH SCHOOL,16,14,88%,6%,2010 Total Cohort - 5 Year Outcome,Asian or Pacific Islander
27,14228,SWEET HOME CENTRAL SCHOOL DISTRICT,3399.0,21533.0,SWEET HOME SENIOR HIGH SCHOOL,194,185,95%,5%,2010 Total Cohort - 5 Year Outcome,White
27,14228,SWEET HOME CENTRAL SCHOOL DISTRICT,3399.0,21533.0,SWEET HOME SENIOR HIGH SCHOOL,1,-,-,-,2010 Total Cohort - 5 Year Outcome,Multiracial
27,14228,SWEET HOME CENTRAL SCHOOL DISTRICT,3399.0,21533.0,SWEET HOME SENIOR HIGH SCHOOL,243,232,95%,4%,2010 Total Cohort - 5 Year Outcome,General Education Students
27,14228,SWEET HOME CENTRAL SCHOOL DISTRICT,3399.0,21533.0,SWEET HOME SENIOR HIGH SCHOOL,12,9,75%,17%,2010 Total Cohort - 5 Year Outcome,Students with Disabilities
27,14228,SWEET HOME CENTRAL SCHOOL DISTRICT,3399.0,21533.0,SWEET HOME SENIOR HIGH SCHOOL,247,234,95%,5%,2010 Total Cohort - 5 Year Outcome,Not Limited English Proficient
27,14228,SWEET HOME CENTRAL SCHOOL DISTRICT,3399.0,21533.0,SWEET HOME SENIOR HIGH SCHOOL,8,7,88%,0%,2010 Total Cohort - 5 Year Outcome,Limited English Proficient
27,14228,SWEET HOME CENTRAL SCHOOL DISTRICT,3399.0,21533.0,SWEET HOME SENIOR HIGH SCHOOL,90,81,90%,8%,2010 Total Cohort - 5 Year Outcome,Economically Disadvantaged
27,14228,SWEET HOME CENTRAL SCHOOL DISTRICT,3399.0,21533.0,SWEET HOME SENIOR HIGH SCHOOL,165,160,97%,3%,2010 Total Cohort - 5 Year Outcome,Not Economically Disadvantaged
27,14228,SWEET HOME CENTRAL SCHOOL DISTRICT,3399.0,21533.0,SWEET HOME SENIOR HIGH SCHOOL,255,-,-,-,2010 Total Cohort - 5 Year Outcome,Not Migrant
