,Zip Code,District Name,Zip +4,pop,School Name,ENROLL_CNT,GRAD_CNT,GRAD_PCT,MEMBERSHIP_DESC
1,14202,BUFFALO CITY SCHOOL DISTRICT,3375.0,3419.0,PS 42 OCCUPATIONAL TRAINING CTR,26,0,0%,2011 Total Cohort - 4 Year Outcome - August 2015
1,14202,BUFFALO CITY SCHOOL DISTRICT,3375.0,3419.0,PS 42 OCCUPATIONAL TRAINING CTR,12,0,0%,2011 Total Cohort - 4 Year Outcome - August 2015
1,14202,BUFFALO CITY SCHOOL DISTRICT,3375.0,3419.0,PS 42 OCCUPATIONAL TRAINING CTR,14,0,0%,2011 Total Cohort - 4 Year Outcome - August 2015
1,14202,BUFFALO CITY SCHOOL DISTRICT,3375.0,3419.0,PS 42 OCCUPATIONAL TRAINING CTR,14,0,0%,2011 Total Cohort - 4 Year Outcome - August 2015
1,14202,BUFFALO CITY SCHOOL DISTRICT,3375.0,3419.0,PS 42 OCCUPATIONAL TRAINING CTR,4,-,-,2011 Total Cohort - 4 Year Outcome - August 2015
1,14202,BUFFALO CITY SCHOOL DISTRICT,3375.0,3419.0,PS 42 OCCUPATIONAL TRAINING CTR,2,-,-,2011 Total Cohort - 4 Year Outcome - August 2015
1,14202,BUFFALO CITY SCHOOL DISTRICT,3375.0,3419.0,PS 42 OCCUPATIONAL TRAINING CTR,6,0,0%,2011 Total Cohort - 4 Year Outcome - August 2015
1,14202,BUFFALO CITY SCHOOL DISTRICT,3375.0,3419.0,PS 42 OCCUPATIONAL TRAINING CTR,1,-,-,2011 Total Cohort - 4 Year Outcome - August 2015
1,14202,BUFFALO CITY SCHOOL DISTRICT,3375.0,3419.0,PS 42 OCCUPATIONAL TRAINING CTR,25,-,-,2011 Total Cohort - 4 Year Outcome - August 2015
1,14202,BUFFALO CITY SCHOOL DISTRICT,3375.0,3419.0,PS 42 OCCUPATIONAL TRAINING CTR,18,0,0%,2011 Total Cohort - 4 Year Outcome - August 2015
1,14202,BUFFALO CITY SCHOOL DISTRICT,3375.0,3419.0,PS 42 OCCUPATIONAL TRAINING CTR,8,0,0%,2011 Total Cohort - 4 Year Outcome - August 2015
1,14202,BUFFALO CITY SCHOOL DISTRICT,3375.0,3419.0,PS 42 OCCUPATIONAL TRAINING CTR,21,0,0%,2011 Total Cohort - 4 Year Outcome - August 2015
1,14202,BUFFALO CITY SCHOOL DISTRICT,3375.0,3419.0,PS 42 OCCUPATIONAL TRAINING CTR,5,0,0%,2011 Total Cohort - 4 Year Outcome - August 2015
1,14202,BUFFALO CITY SCHOOL DISTRICT,3375.0,3419.0,PS 42 OCCUPATIONAL TRAINING CTR,26,-,-,2011 Total Cohort - 4 Year Outcome - August 2015
1,14202,BUFFALO CITY SCHOOL DISTRICT,3375.0,3419.0,FREDERICK OLMSTED #156,57,55,96%,2011 Total Cohort - 4 Year Outcome - August 2015
1,14202,BUFFALO CITY SCHOOL DISTRICT,3375.0,3419.0,FREDERICK OLMSTED #156,28,28,100%,2011 Total Cohort - 4 Year Outcome - August 2015
1,14202,BUFFALO CITY SCHOOL DISTRICT,3375.0,3419.0,FREDERICK OLMSTED #156,29,27,93%,2011 Total Cohort - 4 Year Outcome - August 2015
1,14202,BUFFALO CITY SCHOOL DISTRICT,3375.0,3419.0,FREDERICK OLMSTED #156,1,-,-,2011 Total Cohort - 4 Year Outcome - August 2015
1,14202,BUFFALO CITY SCHOOL DISTRICT,3375.0,3419.0,FREDERICK OLMSTED #156,28,27,96%,2011 Total Cohort - 4 Year Outcome - August 2015
1,14202,BUFFALO CITY SCHOOL DISTRICT,3375.0,3419.0,FREDERICK OLMSTED #156,5,5,100%,2011 Total Cohort - 4 Year Outcome - August 2015
1,14202,BUFFALO CITY SCHOOL DISTRICT,3375.0,3419.0,FREDERICK OLMSTED #156,5,-,-,2011 Total Cohort - 4 Year Outcome - August 2015
1,14202,BUFFALO CITY SCHOOL DISTRICT,3375.0,3419.0,FREDERICK OLMSTED #156,18,18,100%,2011 Total Cohort - 4 Year Outcome - August 2015
1,14202,BUFFALO CITY SCHOOL DISTRICT,3375.0,3419.0,FREDERICK OLMSTED #156,54,-,-,2011 Total Cohort - 4 Year Outcome - August 2015
1,14202,BUFFALO CITY SCHOOL DISTRICT,3375.0,3419.0,FREDERICK OLMSTED #156,3,-,-,2011 Total Cohort - 4 Year Outcome - August 2015
1,14202,BUFFALO CITY SCHOOL DISTRICT,3375.0,3419.0,FREDERICK OLMSTED #156,57,-,-,2011 Total Cohort - 4 Year Outcome - August 2015
1,14202,BUFFALO CITY SCHOOL DISTRICT,3375.0,3419.0,FREDERICK OLMSTED #156,28,26,93%,2011 Total Cohort - 4 Year Outcome - August 2015
1,14202,BUFFALO CITY SCHOOL DISTRICT,3375.0,3419.0,FREDERICK OLMSTED #156,29,29,100%,2011 Total Cohort - 4 Year Outcome - August 2015
1,14202,BUFFALO CITY SCHOOL DISTRICT,3375.0,3419.0,FREDERICK OLMSTED #156,57,-,-,2011 Total Cohort - 4 Year Outcome - August 2015
1,14202,BUFFALO CITY SCHOOL DISTRICT,3375.0,3419.0,PS 84,5,0,0%,2011 Total Cohort - 4 Year Outcome - August 2015
1,14202,BUFFALO CITY SCHOOL DISTRICT,3375.0,3419.0,PS 84,1,-,-,2011 Total Cohort - 4 Year Outcome - August 2015
1,14202,BUFFALO CITY SCHOOL DISTRICT,3375.0,3419.0,PS 84,4,-,-,2011 Total Cohort - 4 Year Outcome - August 2015
1,14202,BUFFALO CITY SCHOOL DISTRICT,3375.0,3419.0,PS 84,3,-,-,2011 Total Cohort - 4 Year Outcome - August 2015
1,14202,BUFFALO CITY SCHOOL DISTRICT,3375.0,3419.0,PS 84,1,-,-,2011 Total Cohort - 4 Year Outcome - August 2015
1,14202,BUFFALO CITY SCHOOL DISTRICT,3375.0,3419.0,PS 84,1,-,-,2011 Total Cohort - 4 Year Outcome - August 2015
1,14202,BUFFALO CITY SCHOOL DISTRICT,3375.0,3419.0,PS 84,5,-,-,2011 Total Cohort - 4 Year Outcome - August 2015
1,14202,BUFFALO CITY SCHOOL DISTRICT,3375.0,3419.0,PS 84,5,-,-,2011 Total Cohort - 4 Year Outcome - August 2015
1,14202,BUFFALO CITY SCHOOL DISTRICT,3375.0,3419.0,PS 84,3,-,-,2011 Total Cohort - 4 Year Outcome - August 2015
1,14202,BUFFALO CITY SCHOOL DISTRICT,3375.0,3419.0,PS 84,2,-,-,2011 Total Cohort - 4 Year Outcome - August 2015
1,14202,BUFFALO CITY SCHOOL DISTRICT,3375.0,3419.0,PS 84,5,-,-,2011 Total Cohort - 4 Year Outcome - August 2015
1,14202,BUFFALO CITY SCHOOL DISTRICT,3375.0,3419.0,BUFFALO ACADEMY-VIS & PERF ARTS,120,91,76%,2011 Total Cohort - 4 Year Outcome - August 2015
1,14202,BUFFALO CITY SCHOOL DISTRICT,3375.0,3419.0,BUFFALO ACADEMY-VIS & PERF ARTS,73,60,82%,2011 Total Cohort - 4 Year Outcome - August 2015
1,14202,BUFFALO CITY SCHOOL DISTRICT,3375.0,3419.0,BUFFALO ACADEMY-VIS & PERF ARTS,47,31,66%,2011 Total Cohort - 4 Year Outcome - August 2015
1,14202,BUFFALO CITY SCHOOL DISTRICT,3375.0,3419.0,BUFFALO ACADEMY-VIS & PERF ARTS,1,-,-,2011 Total Cohort - 4 Year Outcome - August 2015
1,14202,BUFFALO CITY SCHOOL DISTRICT,3375.0,3419.0,BUFFALO ACADEMY-VIS & PERF ARTS,71,55,77%,2011 Total Cohort - 4 Year Outcome - August 2015
1,14202,BUFFALO CITY SCHOOL DISTRICT,3375.0,3419.0,BUFFALO ACADEMY-VIS & PERF ARTS,17,-,-,2011 Total Cohort - 4 Year Outcome - August 2015
1,14202,BUFFALO CITY SCHOOL DISTRICT,3375.0,3419.0,BUFFALO ACADEMY-VIS & PERF ARTS,1,-,-,2011 Total Cohort - 4 Year Outcome - August 2015
1,14202,BUFFALO CITY SCHOOL DISTRICT,3375.0,3419.0,BUFFALO ACADEMY-VIS & PERF ARTS,30,25,83%,2011 Total Cohort - 4 Year Outcome - August 2015
1,14202,BUFFALO CITY SCHOOL DISTRICT,3375.0,3419.0,BUFFALO ACADEMY-VIS & PERF ARTS,94,83,88%,2011 Total Cohort - 4 Year Outcome - August 2015
1,14202,BUFFALO CITY SCHOOL DISTRICT,3375.0,3419.0,BUFFALO ACADEMY-VIS & PERF ARTS,26,8,31%,2011 Total Cohort - 4 Year Outcome - August 2015
1,14202,BUFFALO CITY SCHOOL DISTRICT,3375.0,3419.0,BUFFALO ACADEMY-VIS & PERF ARTS,118,-,-,2011 Total Cohort - 4 Year Outcome - August 2015
1,14202,BUFFALO CITY SCHOOL DISTRICT,3375.0,3419.0,BUFFALO ACADEMY-VIS & PERF ARTS,2,-,-,2011 Total Cohort - 4 Year Outcome - August 2015
1,14202,BUFFALO CITY SCHOOL DISTRICT,3375.0,3419.0,BUFFALO ACADEMY-VIS & PERF ARTS,71,55,77%,2011 Total Cohort - 4 Year Outcome - August 2015
1,14202,BUFFALO CITY SCHOOL DISTRICT,3375.0,3419.0,BUFFALO ACADEMY-VIS & PERF ARTS,49,36,73%,2011 Total Cohort - 4 Year Outcome - August 2015
1,14202,BUFFALO CITY SCHOOL DISTRICT,3375.0,3419.0,BUFFALO ACADEMY-VIS & PERF ARTS,120,-,-,2011 Total Cohort - 4 Year Outcome - August 2015
1,14202,BUFFALO CITY SCHOOL DISTRICT,3375.0,3419.0,MCKINLEY VOC HIGH SCHOOL,242,176,73%,2011 Total Cohort - 4 Year Outcome - August 2015
1,14202,BUFFALO CITY SCHOOL DISTRICT,3375.0,3419.0,MCKINLEY VOC HIGH SCHOOL,106,79,75%,2011 Total Cohort - 4 Year Outcome - August 2015
1,14202,BUFFALO CITY SCHOOL DISTRICT,3375.0,3419.0,MCKINLEY VOC HIGH SCHOOL,136,97,71%,2011 Total Cohort - 4 Year Outcome - August 2015
1,14202,BUFFALO CITY SCHOOL DISTRICT,3375.0,3419.0,MCKINLEY VOC HIGH SCHOOL,3,-,-,2011 Total Cohort - 4 Year Outcome - August 2015
1,14202,BUFFALO CITY SCHOOL DISTRICT,3375.0,3419.0,MCKINLEY VOC HIGH SCHOOL,144,110,76%,2011 Total Cohort - 4 Year Outcome - August 2015
1,14202,BUFFALO CITY SCHOOL DISTRICT,3375.0,3419.0,MCKINLEY VOC HIGH SCHOOL,41,25,61%,2011 Total Cohort - 4 Year Outcome - August 2015
1,14202,BUFFALO CITY SCHOOL DISTRICT,3375.0,3419.0,MCKINLEY VOC HIGH SCHOOL,17,-,-,2011 Total Cohort - 4 Year Outcome - August 2015
1,14202,BUFFALO CITY SCHOOL DISTRICT,3375.0,3419.0,MCKINLEY VOC HIGH SCHOOL,37,27,73%,2011 Total Cohort - 4 Year Outcome - August 2015
1,14202,BUFFALO CITY SCHOOL DISTRICT,3375.0,3419.0,MCKINLEY VOC HIGH SCHOOL,194,145,75%,2011 Total Cohort - 4 Year Outcome - August 2015
1,14202,BUFFALO CITY SCHOOL DISTRICT,3375.0,3419.0,MCKINLEY VOC HIGH SCHOOL,48,31,65%,2011 Total Cohort - 4 Year Outcome - August 2015
1,14202,BUFFALO CITY SCHOOL DISTRICT,3375.0,3419.0,MCKINLEY VOC HIGH SCHOOL,230,172,75%,2011 Total Cohort - 4 Year Outcome - August 2015
1,14202,BUFFALO CITY SCHOOL DISTRICT,3375.0,3419.0,MCKINLEY VOC HIGH SCHOOL,12,4,33%,2011 Total Cohort - 4 Year Outcome - August 2015
1,14202,BUFFALO CITY SCHOOL DISTRICT,3375.0,3419.0,MCKINLEY VOC HIGH SCHOOL,10,6,60%,2011 Total Cohort - 4 Year Outcome - August 2015
1,14202,BUFFALO CITY SCHOOL DISTRICT,3375.0,3419.0,MCKINLEY VOC HIGH SCHOOL,176,124,70%,2011 Total Cohort - 4 Year Outcome - August 2015
1,14202,BUFFALO CITY SCHOOL DISTRICT,3375.0,3419.0,MCKINLEY VOC HIGH SCHOOL,66,52,79%,2011 Total Cohort - 4 Year Outcome - August 2015
1,14202,BUFFALO CITY SCHOOL DISTRICT,3375.0,3419.0,MCKINLEY VOC HIGH SCHOOL,1,-,-,2011 Total Cohort - 4 Year Outcome - August 2015
1,14202,BUFFALO CITY SCHOOL DISTRICT,3375.0,3419.0,MCKINLEY VOC HIGH SCHOOL,241,-,-,2011 Total Cohort - 4 Year Outcome - August 2015
1,14202,BUFFALO CITY SCHOOL DISTRICT,3375.0,3419.0,BENNETT HIGH SCHOOL,183,95,52%,2011 Total Cohort - 4 Year Outcome - August 2015
1,14202,BUFFALO CITY SCHOOL DISTRICT,3375.0,3419.0,BENNETT HIGH SCHOOL,105,61,58%,2011 Total Cohort - 4 Year Outcome - August 2015
1,14202,BUFFALO CITY SCHOOL DISTRICT,3375.0,3419.0,BENNETT HIGH SCHOOL,78,34,44%,2011 Total Cohort - 4 Year Outcome - August 2015
1,14202,BUFFALO CITY SCHOOL DISTRICT,3375.0,3419.0,BENNETT HIGH SCHOOL,5,-,-,2011 Total Cohort - 4 Year Outcome - August 2015
1,14202,BUFFALO CITY SCHOOL DISTRICT,3375.0,3419.0,BENNETT HIGH SCHOOL,142,80,56%,2011 Total Cohort - 4 Year Outcome - August 2015
1,14202,BUFFALO CITY SCHOOL DISTRICT,3375.0,3419.0,BENNETT HIGH SCHOOL,15,4,27%,2011 Total Cohort - 4 Year Outcome - August 2015
1,14202,BUFFALO CITY SCHOOL DISTRICT,3375.0,3419.0,BENNETT HIGH SCHOOL,7,5,71%,2011 Total Cohort - 4 Year Outcome - August 2015
1,14202,BUFFALO CITY SCHOOL DISTRICT,3375.0,3419.0,BENNETT HIGH SCHOOL,11,4,36%,2011 Total Cohort - 4 Year Outcome - August 2015
1,14202,BUFFALO CITY SCHOOL DISTRICT,3375.0,3419.0,BENNETT HIGH SCHOOL,3,-,-,2011 Total Cohort - 4 Year Outcome - August 2015
1,14202,BUFFALO CITY SCHOOL DISTRICT,3375.0,3419.0,BENNETT HIGH SCHOOL,147,77,52%,2011 Total Cohort - 4 Year Outcome - August 2015
1,14202,BUFFALO CITY SCHOOL DISTRICT,3375.0,3419.0,BENNETT HIGH SCHOOL,36,18,50%,2011 Total Cohort - 4 Year Outcome - August 2015
1,14202,BUFFALO CITY SCHOOL DISTRICT,3375.0,3419.0,BENNETT HIGH SCHOOL,180,-,-,2011 Total Cohort - 4 Year Outcome - August 2015
1,14202,BUFFALO CITY SCHOOL DISTRICT,3375.0,3419.0,BENNETT HIGH SCHOOL,3,-,-,2011 Total Cohort - 4 Year Outcome - August 2015
1,14202,BUFFALO CITY SCHOOL DISTRICT,3375.0,3419.0,BENNETT HIGH SCHOOL,3,-,-,2011 Total Cohort - 4 Year Outcome - August 2015
1,14202,BUFFALO CITY SCHOOL DISTRICT,3375.0,3419.0,BENNETT HIGH SCHOOL,132,71,54%,2011 Total Cohort - 4 Year Outcome - August 2015
1,14202,BUFFALO CITY SCHOOL DISTRICT,3375.0,3419.0,BENNETT HIGH SCHOOL,51,24,47%,2011 Total Cohort - 4 Year Outcome - August 2015
1,14202,BUFFALO CITY SCHOOL DISTRICT,3375.0,3419.0,BENNETT HIGH SCHOOL,183,-,-,2011 Total Cohort - 4 Year Outcome - August 2015
1,14202,BUFFALO CITY SCHOOL DISTRICT,3375.0,3419.0,BURGARD VOC HIGH SCHOOL,175,85,49%,2011 Total Cohort - 4 Year Outcome - August 2015
1,14202,BUFFALO CITY SCHOOL DISTRICT,3375.0,3419.0,BURGARD VOC HIGH SCHOOL,73,37,51%,2011 Total Cohort - 4 Year Outcome - August 2015
1,14202,BUFFALO CITY SCHOOL DISTRICT,3375.0,3419.0,BURGARD VOC HIGH SCHOOL,102,48,47%,2011 Total Cohort - 4 Year Outcome - August 2015
1,14202,BUFFALO CITY SCHOOL DISTRICT,3375.0,3419.0,BURGARD VOC HIGH SCHOOL,127,65,51%,2011 Total Cohort - 4 Year Outcome - August 2015
1,14202,BUFFALO CITY SCHOOL DISTRICT,3375.0,3419.0,BURGARD VOC HIGH SCHOOL,17,6,35%,2011 Total Cohort - 4 Year Outcome - August 2015
1,14202,BUFFALO CITY SCHOOL DISTRICT,3375.0,3419.0,BURGARD VOC HIGH SCHOOL,17,7,41%,2011 Total Cohort - 4 Year Outcome - August 2015
1,14202,BUFFALO CITY SCHOOL DISTRICT,3375.0,3419.0,BURGARD VOC HIGH SCHOOL,11,-,-,2011 Total Cohort - 4 Year Outcome - August 2015
1,14202,BUFFALO CITY SCHOOL DISTRICT,3375.0,3419.0,BURGARD VOC HIGH SCHOOL,3,-,-,2011 Total Cohort - 4 Year Outcome - August 2015
1,14202,BUFFALO CITY SCHOOL DISTRICT,3375.0,3419.0,BURGARD VOC HIGH SCHOOL,135,72,53%,2011 Total Cohort - 4 Year Outcome - August 2015
1,14202,BUFFALO CITY SCHOOL DISTRICT,3375.0,3419.0,BURGARD VOC HIGH SCHOOL,40,13,33%,2011 Total Cohort - 4 Year Outcome - August 2015
1,14202,BUFFALO CITY SCHOOL DISTRICT,3375.0,3419.0,BURGARD VOC HIGH SCHOOL,156,80,51%,2011 Total Cohort - 4 Year Outcome - August 2015
1,14202,BUFFALO CITY SCHOOL DISTRICT,3375.0,3419.0,BURGARD VOC HIGH SCHOOL,19,5,26%,2011 Total Cohort - 4 Year Outcome - August 2015
1,14202,BUFFALO CITY SCHOOL DISTRICT,3375.0,3419.0,BURGARD VOC HIGH SCHOOL,1,-,-,2011 Total Cohort - 4 Year Outcome - August 2015
1,14202,BUFFALO CITY SCHOOL DISTRICT,3375.0,3419.0,BURGARD VOC HIGH SCHOOL,110,55,50%,2011 Total Cohort - 4 Year Outcome - August 2015
1,14202,BUFFALO CITY SCHOOL DISTRICT,3375.0,3419.0,BURGARD VOC HIGH SCHOOL,65,30,46%,2011 Total Cohort - 4 Year Outcome - August 2015
1,14202,BUFFALO CITY SCHOOL DISTRICT,3375.0,3419.0,BURGARD VOC HIGH SCHOOL,175,-,-,2011 Total Cohort - 4 Year Outcome - August 2015
1,14202,BUFFALO CITY SCHOOL DISTRICT,3375.0,3419.0,CITY HONORS SCH-F MASTEN PK,113,111,98%,2011 Total Cohort - 4 Year Outcome - August 2015
1,14202,BUFFALO CITY SCHOOL DISTRICT,3375.0,3419.0,CITY HONORS SCH-F MASTEN PK,54,54,100%,2011 Total Cohort - 4 Year Outcome - August 2015
1,14202,BUFFALO CITY SCHOOL DISTRICT,3375.0,3419.0,CITY HONORS SCH-F MASTEN PK,59,57,97%,2011 Total Cohort - 4 Year Outcome - August 2015
1,14202,BUFFALO CITY SCHOOL DISTRICT,3375.0,3419.0,CITY HONORS SCH-F MASTEN PK,22,22,100%,2011 Total Cohort - 4 Year Outcome - August 2015
1,14202,BUFFALO CITY SCHOOL DISTRICT,3375.0,3419.0,CITY HONORS SCH-F MASTEN PK,3,-,-,2011 Total Cohort - 4 Year Outcome - August 2015
1,14202,BUFFALO CITY SCHOOL DISTRICT,3375.0,3419.0,CITY HONORS SCH-F MASTEN PK,5,5,100%,2011 Total Cohort - 4 Year Outcome - August 2015
1,14202,BUFFALO CITY SCHOOL DISTRICT,3375.0,3419.0,CITY HONORS SCH-F MASTEN PK,81,79,98%,2011 Total Cohort - 4 Year Outcome - August 2015
1,14202,BUFFALO CITY SCHOOL DISTRICT,3375.0,3419.0,CITY HONORS SCH-F MASTEN PK,2,-,-,2011 Total Cohort - 4 Year Outcome - August 2015
1,14202,BUFFALO CITY SCHOOL DISTRICT,3375.0,3419.0,CITY HONORS SCH-F MASTEN PK,103,102,99%,2011 Total Cohort - 4 Year Outcome - August 2015
1,14202,BUFFALO CITY SCHOOL DISTRICT,3375.0,3419.0,CITY HONORS SCH-F MASTEN PK,10,9,90%,2011 Total Cohort - 4 Year Outcome - August 2015
1,14202,BUFFALO CITY SCHOOL DISTRICT,3375.0,3419.0,CITY HONORS SCH-F MASTEN PK,113,-,-,2011 Total Cohort - 4 Year Outcome - August 2015
1,14202,BUFFALO CITY SCHOOL DISTRICT,3375.0,3419.0,CITY HONORS SCH-F MASTEN PK,30,29,97%,2011 Total Cohort - 4 Year Outcome - August 2015
1,14202,BUFFALO CITY SCHOOL DISTRICT,3375.0,3419.0,CITY HONORS SCH-F MASTEN PK,83,82,99%,2011 Total Cohort - 4 Year Outcome - August 2015
1,14202,BUFFALO CITY SCHOOL DISTRICT,3375.0,3419.0,CITY HONORS SCH-F MASTEN PK,113,-,-,2011 Total Cohort - 4 Year Outcome - August 2015
1,14202,BUFFALO CITY SCHOOL DISTRICT,3375.0,3419.0,EMERSON SCHOOL OF HOSPITALITY,73,65,89%,2011 Total Cohort - 4 Year Outcome - August 2015
1,14202,BUFFALO CITY SCHOOL DISTRICT,3375.0,3419.0,EMERSON SCHOOL OF HOSPITALITY,49,42,86%,2011 Total Cohort - 4 Year Outcome - August 2015
1,14202,BUFFALO CITY SCHOOL DISTRICT,3375.0,3419.0,EMERSON SCHOOL OF HOSPITALITY,24,23,96%,2011 Total Cohort - 4 Year Outcome - August 2015
1,14202,BUFFALO CITY SCHOOL DISTRICT,3375.0,3419.0,EMERSON SCHOOL OF HOSPITALITY,42,37,88%,2011 Total Cohort - 4 Year Outcome - August 2015
1,14202,BUFFALO CITY SCHOOL DISTRICT,3375.0,3419.0,EMERSON SCHOOL OF HOSPITALITY,19,18,95%,2011 Total Cohort - 4 Year Outcome - August 2015
1,14202,BUFFALO CITY SCHOOL DISTRICT,3375.0,3419.0,EMERSON SCHOOL OF HOSPITALITY,12,10,83%,2011 Total Cohort - 4 Year Outcome - August 2015
1,14202,BUFFALO CITY SCHOOL DISTRICT,3375.0,3419.0,EMERSON SCHOOL OF HOSPITALITY,56,54,96%,2011 Total Cohort - 4 Year Outcome - August 2015
1,14202,BUFFALO CITY SCHOOL DISTRICT,3375.0,3419.0,EMERSON SCHOOL OF HOSPITALITY,17,11,65%,2011 Total Cohort - 4 Year Outcome - August 2015
1,14202,BUFFALO CITY SCHOOL DISTRICT,3375.0,3419.0,EMERSON SCHOOL OF HOSPITALITY,73,-,-,2011 Total Cohort - 4 Year Outcome - August 2015
1,14202,BUFFALO CITY SCHOOL DISTRICT,3375.0,3419.0,EMERSON SCHOOL OF HOSPITALITY,57,49,86%,2011 Total Cohort - 4 Year Outcome - August 2015
1,14202,BUFFALO CITY SCHOOL DISTRICT,3375.0,3419.0,EMERSON SCHOOL OF HOSPITALITY,16,16,100%,2011 Total Cohort - 4 Year Outcome - August 2015
1,14202,BUFFALO CITY SCHOOL DISTRICT,3375.0,3419.0,EMERSON SCHOOL OF HOSPITALITY,73,-,-,2011 Total Cohort - 4 Year Outcome - August 2015
1,14202,BUFFALO CITY SCHOOL DISTRICT,3375.0,3419.0,HUTCHINSON CENTRAL TECH HIGH SCHOOL,265,240,91%,2011 Total Cohort - 4 Year Outcome - August 2015
1,14202,BUFFALO CITY SCHOOL DISTRICT,3375.0,3419.0,HUTCHINSON CENTRAL TECH HIGH SCHOOL,123,114,93%,2011 Total Cohort - 4 Year Outcome - August 2015
1,14202,BUFFALO CITY SCHOOL DISTRICT,3375.0,3419.0,HUTCHINSON CENTRAL TECH HIGH SCHOOL,142,126,89%,2011 Total Cohort - 4 Year Outcome - August 2015
1,14202,BUFFALO CITY SCHOOL DISTRICT,3375.0,3419.0,HUTCHINSON CENTRAL TECH HIGH SCHOOL,5,-,-,2011 Total Cohort - 4 Year Outcome - August 2015
1,14202,BUFFALO CITY SCHOOL DISTRICT,3375.0,3419.0,HUTCHINSON CENTRAL TECH HIGH SCHOOL,99,89,90%,2011 Total Cohort - 4 Year Outcome - August 2015
1,14202,BUFFALO CITY SCHOOL DISTRICT,3375.0,3419.0,HUTCHINSON CENTRAL TECH HIGH SCHOOL,50,47,94%,2011 Total Cohort - 4 Year Outcome - August 2015
1,14202,BUFFALO CITY SCHOOL DISTRICT,3375.0,3419.0,HUTCHINSON CENTRAL TECH HIGH SCHOOL,12,11,92%,2011 Total Cohort - 4 Year Outcome - August 2015
1,14202,BUFFALO CITY SCHOOL DISTRICT,3375.0,3419.0,HUTCHINSON CENTRAL TECH HIGH SCHOOL,98,87,89%,2011 Total Cohort - 4 Year Outcome - August 2015
1,14202,BUFFALO CITY SCHOOL DISTRICT,3375.0,3419.0,HUTCHINSON CENTRAL TECH HIGH SCHOOL,1,-,-,2011 Total Cohort - 4 Year Outcome - August 2015
1,14202,BUFFALO CITY SCHOOL DISTRICT,3375.0,3419.0,HUTCHINSON CENTRAL TECH HIGH SCHOOL,258,235,91%,2011 Total Cohort - 4 Year Outcome - August 2015
1,14202,BUFFALO CITY SCHOOL DISTRICT,3375.0,3419.0,HUTCHINSON CENTRAL TECH HIGH SCHOOL,7,5,71%,2011 Total Cohort - 4 Year Outcome - August 2015
1,14202,BUFFALO CITY SCHOOL DISTRICT,3375.0,3419.0,HUTCHINSON CENTRAL TECH HIGH SCHOOL,265,-,-,2011 Total Cohort - 4 Year Outcome - August 2015
1,14202,BUFFALO CITY SCHOOL DISTRICT,3375.0,3419.0,HUTCHINSON CENTRAL TECH HIGH SCHOOL,171,156,91%,2011 Total Cohort - 4 Year Outcome - August 2015
1,14202,BUFFALO CITY SCHOOL DISTRICT,3375.0,3419.0,HUTCHINSON CENTRAL TECH HIGH SCHOOL,94,84,89%,2011 Total Cohort - 4 Year Outcome - August 2015
1,14202,BUFFALO CITY SCHOOL DISTRICT,3375.0,3419.0,HUTCHINSON CENTRAL TECH HIGH SCHOOL,265,-,-,2011 Total Cohort - 4 Year Outcome - August 2015
1,14202,BUFFALO CITY SCHOOL DISTRICT,3375.0,3419.0,LAFAYETTE HIGH SCHOOL,132,42,32%,2011 Total Cohort - 4 Year Outcome - August 2015
1,14202,BUFFALO CITY SCHOOL DISTRICT,3375.0,3419.0,LAFAYETTE HIGH SCHOOL,59,24,41%,2011 Total Cohort - 4 Year Outcome - August 2015
1,14202,BUFFALO CITY SCHOOL DISTRICT,3375.0,3419.0,LAFAYETTE HIGH SCHOOL,73,18,25%,2011 Total Cohort - 4 Year Outcome - August 2015
1,14202,BUFFALO CITY SCHOOL DISTRICT,3375.0,3419.0,LAFAYETTE HIGH SCHOOL,17,6,35%,2011 Total Cohort - 4 Year Outcome - August 2015
1,14202,BUFFALO CITY SCHOOL DISTRICT,3375.0,3419.0,LAFAYETTE HIGH SCHOOL,51,11,22%,2011 Total Cohort - 4 Year Outcome - August 2015
1,14202,BUFFALO CITY SCHOOL DISTRICT,3375.0,3419.0,LAFAYETTE HIGH SCHOOL,52,22,42%,2011 Total Cohort - 4 Year Outcome - August 2015
1,14202,BUFFALO CITY SCHOOL DISTRICT,3375.0,3419.0,LAFAYETTE HIGH SCHOOL,12,3,25%,2011 Total Cohort - 4 Year Outcome - August 2015
1,14202,BUFFALO CITY SCHOOL DISTRICT,3375.0,3419.0,LAFAYETTE HIGH SCHOOL,120,39,33%,2011 Total Cohort - 4 Year Outcome - August 2015
1,14202,BUFFALO CITY SCHOOL DISTRICT,3375.0,3419.0,LAFAYETTE HIGH SCHOOL,12,3,25%,2011 Total Cohort - 4 Year Outcome - August 2015
1,14202,BUFFALO CITY SCHOOL DISTRICT,3375.0,3419.0,LAFAYETTE HIGH SCHOOL,27,17,63%,2011 Total Cohort - 4 Year Outcome - August 2015
1,14202,BUFFALO CITY SCHOOL DISTRICT,3375.0,3419.0,LAFAYETTE HIGH SCHOOL,105,25,24%,2011 Total Cohort - 4 Year Outcome - August 2015
1,14202,BUFFALO CITY SCHOOL DISTRICT,3375.0,3419.0,LAFAYETTE HIGH SCHOOL,11,5,45%,2011 Total Cohort - 4 Year Outcome - August 2015
1,14202,BUFFALO CITY SCHOOL DISTRICT,3375.0,3419.0,LAFAYETTE HIGH SCHOOL,77,28,36%,2011 Total Cohort - 4 Year Outcome - August 2015
1,14202,BUFFALO CITY SCHOOL DISTRICT,3375.0,3419.0,LAFAYETTE HIGH SCHOOL,55,14,25%,2011 Total Cohort - 4 Year Outcome - August 2015
1,14202,BUFFALO CITY SCHOOL DISTRICT,3375.0,3419.0,LAFAYETTE HIGH SCHOOL,132,-,-,2011 Total Cohort - 4 Year Outcome - August 2015
1,14202,BUFFALO CITY SCHOOL DISTRICT,3375.0,3419.0,RIVERSIDE INSTITUTE OF TECHNOLOGY,214,74,35%,2011 Total Cohort - 4 Year Outcome - August 2015
1,14202,BUFFALO CITY SCHOOL DISTRICT,3375.0,3419.0,RIVERSIDE INSTITUTE OF TECHNOLOGY,111,39,35%,2011 Total Cohort - 4 Year Outcome - August 2015
1,14202,BUFFALO CITY SCHOOL DISTRICT,3375.0,3419.0,RIVERSIDE INSTITUTE OF TECHNOLOGY,103,35,34%,2011 Total Cohort - 4 Year Outcome - August 2015
1,14202,BUFFALO CITY SCHOOL DISTRICT,3375.0,3419.0,RIVERSIDE INSTITUTE OF TECHNOLOGY,6,-,-,2011 Total Cohort - 4 Year Outcome - August 2015
1,14202,BUFFALO CITY SCHOOL DISTRICT,3375.0,3419.0,RIVERSIDE INSTITUTE OF TECHNOLOGY,76,28,37%,2011 Total Cohort - 4 Year Outcome - August 2015
1,14202,BUFFALO CITY SCHOOL DISTRICT,3375.0,3419.0,RIVERSIDE INSTITUTE OF TECHNOLOGY,55,15,27%,2011 Total Cohort - 4 Year Outcome - August 2015
1,14202,BUFFALO CITY SCHOOL DISTRICT,3375.0,3419.0,RIVERSIDE INSTITUTE OF TECHNOLOGY,47,22,47%,2011 Total Cohort - 4 Year Outcome - August 2015
1,14202,BUFFALO CITY SCHOOL DISTRICT,3375.0,3419.0,RIVERSIDE INSTITUTE OF TECHNOLOGY,28,8,29%,2011 Total Cohort - 4 Year Outcome - August 2015
1,14202,BUFFALO CITY SCHOOL DISTRICT,3375.0,3419.0,RIVERSIDE INSTITUTE OF TECHNOLOGY,2,-,-,2011 Total Cohort - 4 Year Outcome - August 2015
1,14202,BUFFALO CITY SCHOOL DISTRICT,3375.0,3419.0,RIVERSIDE INSTITUTE OF TECHNOLOGY,178,70,39%,2011 Total Cohort - 4 Year Outcome - August 2015
1,14202,BUFFALO CITY SCHOOL DISTRICT,3375.0,3419.0,RIVERSIDE INSTITUTE OF TECHNOLOGY,36,4,11%,2011 Total Cohort - 4 Year Outcome - August 2015
1,14202,BUFFALO CITY SCHOOL DISTRICT,3375.0,3419.0,RIVERSIDE INSTITUTE OF TECHNOLOGY,162,57,35%,2011 Total Cohort - 4 Year Outcome - August 2015
1,14202,BUFFALO CITY SCHOOL DISTRICT,3375.0,3419.0,RIVERSIDE INSTITUTE OF TECHNOLOGY,52,17,33%,2011 Total Cohort - 4 Year Outcome - August 2015
1,14202,BUFFALO CITY SCHOOL DISTRICT,3375.0,3419.0,RIVERSIDE INSTITUTE OF TECHNOLOGY,14,10,71%,2011 Total Cohort - 4 Year Outcome - August 2015
1,14202,BUFFALO CITY SCHOOL DISTRICT,3375.0,3419.0,RIVERSIDE INSTITUTE OF TECHNOLOGY,160,55,34%,2011 Total Cohort - 4 Year Outcome - August 2015
1,14202,BUFFALO CITY SCHOOL DISTRICT,3375.0,3419.0,RIVERSIDE INSTITUTE OF TECHNOLOGY,54,19,35%,2011 Total Cohort - 4 Year Outcome - August 2015
1,14202,BUFFALO CITY SCHOOL DISTRICT,3375.0,3419.0,RIVERSIDE INSTITUTE OF TECHNOLOGY,214,-,-,2011 Total Cohort - 4 Year Outcome - August 2015
1,14202,BUFFALO CITY SCHOOL DISTRICT,3375.0,3419.0,SOUTH PARK HIGH SCHOOL,215,133,62%,2011 Total Cohort - 4 Year Outcome - August 2015
1,14202,BUFFALO CITY SCHOOL DISTRICT,3375.0,3419.0,SOUTH PARK HIGH SCHOOL,110,71,65%,2011 Total Cohort - 4 Year Outcome - August 2015
1,14202,BUFFALO CITY SCHOOL DISTRICT,3375.0,3419.0,SOUTH PARK HIGH SCHOOL,105,62,59%,2011 Total Cohort - 4 Year Outcome - August 2015
1,14202,BUFFALO CITY SCHOOL DISTRICT,3375.0,3419.0,SOUTH PARK HIGH SCHOOL,2,-,-,2011 Total Cohort - 4 Year Outcome - August 2015
1,14202,BUFFALO CITY SCHOOL DISTRICT,3375.0,3419.0,SOUTH PARK HIGH SCHOOL,56,37,66%,2011 Total Cohort - 4 Year Outcome - August 2015
1,14202,BUFFALO CITY SCHOOL DISTRICT,3375.0,3419.0,SOUTH PARK HIGH SCHOOL,32,13,41%,2011 Total Cohort - 4 Year Outcome - August 2015
1,14202,BUFFALO CITY SCHOOL DISTRICT,3375.0,3419.0,SOUTH PARK HIGH SCHOOL,5,2,40%,2011 Total Cohort - 4 Year Outcome - August 2015
1,14202,BUFFALO CITY SCHOOL DISTRICT,3375.0,3419.0,SOUTH PARK HIGH SCHOOL,115,77,67%,2011 Total Cohort - 4 Year Outcome - August 2015
1,14202,BUFFALO CITY SCHOOL DISTRICT,3375.0,3419.0,SOUTH PARK HIGH SCHOOL,5,-,-,2011 Total Cohort - 4 Year Outcome - August 2015
1,14202,BUFFALO CITY SCHOOL DISTRICT,3375.0,3419.0,SOUTH PARK HIGH SCHOOL,160,112,70%,2011 Total Cohort - 4 Year Outcome - August 2015
1,14202,BUFFALO CITY SCHOOL DISTRICT,3375.0,3419.0,SOUTH PARK HIGH SCHOOL,55,21,38%,2011 Total Cohort - 4 Year Outcome - August 2015
1,14202,BUFFALO CITY SCHOOL DISTRICT,3375.0,3419.0,SOUTH PARK HIGH SCHOOL,204,132,65%,2011 Total Cohort - 4 Year Outcome - August 2015
1,14202,BUFFALO CITY SCHOOL DISTRICT,3375.0,3419.0,SOUTH PARK HIGH SCHOOL,11,1,9%,2011 Total Cohort - 4 Year Outcome - August 2015
1,14202,BUFFALO CITY SCHOOL DISTRICT,3375.0,3419.0,SOUTH PARK HIGH SCHOOL,1,-,-,2011 Total Cohort - 4 Year Outcome - August 2015
1,14202,BUFFALO CITY SCHOOL DISTRICT,3375.0,3419.0,SOUTH PARK HIGH SCHOOL,131,86,66%,2011 Total Cohort - 4 Year Outcome - August 2015
1,14202,BUFFALO CITY SCHOOL DISTRICT,3375.0,3419.0,SOUTH PARK HIGH SCHOOL,84,47,56%,2011 Total Cohort - 4 Year Outcome - August 2015
1,14202,BUFFALO CITY SCHOOL DISTRICT,3375.0,3419.0,SOUTH PARK HIGH SCHOOL,215,-,-,2011 Total Cohort - 4 Year Outcome - August 2015
1,14202,BUFFALO CITY SCHOOL DISTRICT,3375.0,3419.0,LEONARDO DA VINCI HIGH SCHOOL,116,103,89%,2011 Total Cohort - 4 Year Outcome - August 2015
1,14202,BUFFALO CITY SCHOOL DISTRICT,3375.0,3419.0,LEONARDO DA VINCI HIGH SCHOOL,71,64,90%,2011 Total Cohort - 4 Year Outcome - August 2015
1,14202,BUFFALO CITY SCHOOL DISTRICT,3375.0,3419.0,LEONARDO DA VINCI HIGH SCHOOL,45,39,87%,2011 Total Cohort - 4 Year Outcome - August 2015
1,14202,BUFFALO CITY SCHOOL DISTRICT,3375.0,3419.0,LEONARDO DA VINCI HIGH SCHOOL,53,46,87%,2011 Total Cohort - 4 Year Outcome - August 2015
1,14202,BUFFALO CITY SCHOOL DISTRICT,3375.0,3419.0,LEONARDO DA VINCI HIGH SCHOOL,20,18,90%,2011 Total Cohort - 4 Year Outcome - August 2015
1,14202,BUFFALO CITY SCHOOL DISTRICT,3375.0,3419.0,LEONARDO DA VINCI HIGH SCHOOL,5,-,-,2011 Total Cohort - 4 Year Outcome - August 2015
1,14202,BUFFALO CITY SCHOOL DISTRICT,3375.0,3419.0,LEONARDO DA VINCI HIGH SCHOOL,37,34,92%,2011 Total Cohort - 4 Year Outcome - August 2015
1,14202,BUFFALO CITY SCHOOL DISTRICT,3375.0,3419.0,LEONARDO DA VINCI HIGH SCHOOL,1,-,-,2011 Total Cohort - 4 Year Outcome - August 2015
1,14202,BUFFALO CITY SCHOOL DISTRICT,3375.0,3419.0,LEONARDO DA VINCI HIGH SCHOOL,97,93,96%,2011 Total Cohort - 4 Year Outcome - August 2015
1,14202,BUFFALO CITY SCHOOL DISTRICT,3375.0,3419.0,LEONARDO DA VINCI HIGH SCHOOL,19,10,53%,2011 Total Cohort - 4 Year Outcome - August 2015
1,14202,BUFFALO CITY SCHOOL DISTRICT,3375.0,3419.0,LEONARDO DA VINCI HIGH SCHOOL,115,-,-,2011 Total Cohort - 4 Year Outcome - August 2015
1,14202,BUFFALO CITY SCHOOL DISTRICT,3375.0,3419.0,LEONARDO DA VINCI HIGH SCHOOL,1,-,-,2011 Total Cohort - 4 Year Outcome - August 2015
1,14202,BUFFALO CITY SCHOOL DISTRICT,3375.0,3419.0,LEONARDO DA VINCI HIGH SCHOOL,1,-,-,2011 Total Cohort - 4 Year Outcome - August 2015
1,14202,BUFFALO CITY SCHOOL DISTRICT,3375.0,3419.0,LEONARDO DA VINCI HIGH SCHOOL,60,52,87%,2011 Total Cohort - 4 Year Outcome - August 2015
1,14202,BUFFALO CITY SCHOOL DISTRICT,3375.0,3419.0,LEONARDO DA VINCI HIGH SCHOOL,56,51,91%,2011 Total Cohort - 4 Year Outcome - August 2015
1,14202,BUFFALO CITY SCHOOL DISTRICT,3375.0,3419.0,LEONARDO DA VINCI HIGH SCHOOL,116,-,-,2011 Total Cohort - 4 Year Outcome - August 2015
1,14202,BUFFALO CITY SCHOOL DISTRICT,3375.0,3419.0,MATH SCIENCE TECH PREP SCHOOL-SENECA,78,38,49%,2011 Total Cohort - 4 Year Outcome - August 2015
1,14202,BUFFALO CITY SCHOOL DISTRICT,3375.0,3419.0,MATH SCIENCE TECH PREP SCHOOL-SENECA,36,22,61%,2011 Total Cohort - 4 Year Outcome - August 2015
1,14202,BUFFALO CITY SCHOOL DISTRICT,3375.0,3419.0,MATH SCIENCE TECH PREP SCHOOL-SENECA,42,16,38%,2011 Total Cohort - 4 Year Outcome - August 2015
1,14202,BUFFALO CITY SCHOOL DISTRICT,3375.0,3419.0,MATH SCIENCE TECH PREP SCHOOL-SENECA,69,34,49%,2011 Total Cohort - 4 Year Outcome - August 2015
1,14202,BUFFALO CITY SCHOOL DISTRICT,3375.0,3419.0,MATH SCIENCE TECH PREP SCHOOL-SENECA,3,-,-,2011 Total Cohort - 4 Year Outcome - August 2015
1,14202,BUFFALO CITY SCHOOL DISTRICT,3375.0,3419.0,MATH SCIENCE TECH PREP SCHOOL-SENECA,1,-,-,2011 Total Cohort - 4 Year Outcome - August 2015
1,14202,BUFFALO CITY SCHOOL DISTRICT,3375.0,3419.0,MATH SCIENCE TECH PREP SCHOOL-SENECA,3,-,-,2011 Total Cohort - 4 Year Outcome - August 2015
1,14202,BUFFALO CITY SCHOOL DISTRICT,3375.0,3419.0,MATH SCIENCE TECH PREP SCHOOL-SENECA,2,-,-,2011 Total Cohort - 4 Year Outcome - August 2015
1,14202,BUFFALO CITY SCHOOL DISTRICT,3375.0,3419.0,MATH SCIENCE TECH PREP SCHOOL-SENECA,68,36,53%,2011 Total Cohort - 4 Year Outcome - August 2015
1,14202,BUFFALO CITY SCHOOL DISTRICT,3375.0,3419.0,MATH SCIENCE TECH PREP SCHOOL-SENECA,10,2,20%,2011 Total Cohort - 4 Year Outcome - August 2015
1,14202,BUFFALO CITY SCHOOL DISTRICT,3375.0,3419.0,MATH SCIENCE TECH PREP SCHOOL-SENECA,75,-,-,2011 Total Cohort - 4 Year Outcome - August 2015
1,14202,BUFFALO CITY SCHOOL DISTRICT,3375.0,3419.0,MATH SCIENCE TECH PREP SCHOOL-SENECA,3,-,-,2011 Total Cohort - 4 Year Outcome - August 2015
1,14202,BUFFALO CITY SCHOOL DISTRICT,3375.0,3419.0,MATH SCIENCE TECH PREP SCHOOL-SENECA,48,23,48%,2011 Total Cohort - 4 Year Outcome - August 2015
1,14202,BUFFALO CITY SCHOOL DISTRICT,3375.0,3419.0,MATH SCIENCE TECH PREP SCHOOL-SENECA,30,15,50%,2011 Total Cohort - 4 Year Outcome - August 2015
1,14202,BUFFALO CITY SCHOOL DISTRICT,3375.0,3419.0,MATH SCIENCE TECH PREP SCHOOL-SENECA,78,-,-,2011 Total Cohort - 4 Year Outcome - August 2015
1,14202,BUFFALO CITY SCHOOL DISTRICT,3375.0,3419.0,ALTERNATIVE HIGH SCHOOL AT 44,92,9,10%,2011 Total Cohort - 4 Year Outcome - August 2015
1,14202,BUFFALO CITY SCHOOL DISTRICT,3375.0,3419.0,ALTERNATIVE HIGH SCHOOL AT 44,40,5,13%,2011 Total Cohort - 4 Year Outcome - August 2015
1,14202,BUFFALO CITY SCHOOL DISTRICT,3375.0,3419.0,ALTERNATIVE HIGH SCHOOL AT 44,52,4,8%,2011 Total Cohort - 4 Year Outcome - August 2015
1,14202,BUFFALO CITY SCHOOL DISTRICT,3375.0,3419.0,ALTERNATIVE HIGH SCHOOL AT 44,59,7,12%,2011 Total Cohort - 4 Year Outcome - August 2015
1,14202,BUFFALO CITY SCHOOL DISTRICT,3375.0,3419.0,ALTERNATIVE HIGH SCHOOL AT 44,14,1,7%,2011 Total Cohort - 4 Year Outcome - August 2015
1,14202,BUFFALO CITY SCHOOL DISTRICT,3375.0,3419.0,ALTERNATIVE HIGH SCHOOL AT 44,7,-,-,2011 Total Cohort - 4 Year Outcome - August 2015
1,14202,BUFFALO CITY SCHOOL DISTRICT,3375.0,3419.0,ALTERNATIVE HIGH SCHOOL AT 44,11,1,9%,2011 Total Cohort - 4 Year Outcome - August 2015
1,14202,BUFFALO CITY SCHOOL DISTRICT,3375.0,3419.0,ALTERNATIVE HIGH SCHOOL AT 44,1,-,-,2011 Total Cohort - 4 Year Outcome - August 2015
1,14202,BUFFALO CITY SCHOOL DISTRICT,3375.0,3419.0,ALTERNATIVE HIGH SCHOOL AT 44,68,6,9%,2011 Total Cohort - 4 Year Outcome - August 2015
1,14202,BUFFALO CITY SCHOOL DISTRICT,3375.0,3419.0,ALTERNATIVE HIGH SCHOOL AT 44,24,3,13%,2011 Total Cohort - 4 Year Outcome - August 2015
1,14202,BUFFALO CITY SCHOOL DISTRICT,3375.0,3419.0,ALTERNATIVE HIGH SCHOOL AT 44,74,6,8%,2011 Total Cohort - 4 Year Outcome - August 2015
1,14202,BUFFALO CITY SCHOOL DISTRICT,3375.0,3419.0,ALTERNATIVE HIGH SCHOOL AT 44,18,3,17%,2011 Total Cohort - 4 Year Outcome - August 2015
1,14202,BUFFALO CITY SCHOOL DISTRICT,3375.0,3419.0,ALTERNATIVE HIGH SCHOOL AT 44,1,-,-,2011 Total Cohort - 4 Year Outcome - August 2015
1,14202,BUFFALO CITY SCHOOL DISTRICT,3375.0,3419.0,ALTERNATIVE HIGH SCHOOL AT 44,49,6,12%,2011 Total Cohort - 4 Year Outcome - August 2015
1,14202,BUFFALO CITY SCHOOL DISTRICT,3375.0,3419.0,ALTERNATIVE HIGH SCHOOL AT 44,43,3,7%,2011 Total Cohort - 4 Year Outcome - August 2015
1,14202,BUFFALO CITY SCHOOL DISTRICT,3375.0,3419.0,ALTERNATIVE HIGH SCHOOL AT 44,92,-,-,2011 Total Cohort - 4 Year Outcome - August 2015
1,14202,BUFFALO CITY SCHOOL DISTRICT,3375.0,3419.0,MIDDLE EARLY COLLEGE HIGH SCHOOL,70,54,77%,2011 Total Cohort - 4 Year Outcome - August 2015
1,14202,BUFFALO CITY SCHOOL DISTRICT,3375.0,3419.0,MIDDLE EARLY COLLEGE HIGH SCHOOL,38,29,76%,2011 Total Cohort - 4 Year Outcome - August 2015
1,14202,BUFFALO CITY SCHOOL DISTRICT,3375.0,3419.0,MIDDLE EARLY COLLEGE HIGH SCHOOL,32,25,78%,2011 Total Cohort - 4 Year Outcome - August 2015
1,14202,BUFFALO CITY SCHOOL DISTRICT,3375.0,3419.0,MIDDLE EARLY COLLEGE HIGH SCHOOL,53,42,79%,2011 Total Cohort - 4 Year Outcome - August 2015
1,14202,BUFFALO CITY SCHOOL DISTRICT,3375.0,3419.0,MIDDLE EARLY COLLEGE HIGH SCHOOL,2,-,-,2011 Total Cohort - 4 Year Outcome - August 2015
1,14202,BUFFALO CITY SCHOOL DISTRICT,3375.0,3419.0,MIDDLE EARLY COLLEGE HIGH SCHOOL,15,-,-,2011 Total Cohort - 4 Year Outcome - August 2015
1,14202,BUFFALO CITY SCHOOL DISTRICT,3375.0,3419.0,MIDDLE EARLY COLLEGE HIGH SCHOOL,57,46,81%,2011 Total Cohort - 4 Year Outcome - August 2015
1,14202,BUFFALO CITY SCHOOL DISTRICT,3375.0,3419.0,MIDDLE EARLY COLLEGE HIGH SCHOOL,13,8,62%,2011 Total Cohort - 4 Year Outcome - August 2015
1,14202,BUFFALO CITY SCHOOL DISTRICT,3375.0,3419.0,MIDDLE EARLY COLLEGE HIGH SCHOOL,70,-,-,2011 Total Cohort - 4 Year Outcome - August 2015
1,14202,BUFFALO CITY SCHOOL DISTRICT,3375.0,3419.0,MIDDLE EARLY COLLEGE HIGH SCHOOL,53,42,79%,2011 Total Cohort - 4 Year Outcome - August 2015
1,14202,BUFFALO CITY SCHOOL DISTRICT,3375.0,3419.0,MIDDLE EARLY COLLEGE HIGH SCHOOL,17,12,71%,2011 Total Cohort - 4 Year Outcome - August 2015
1,14202,BUFFALO CITY SCHOOL DISTRICT,3375.0,3419.0,MIDDLE EARLY COLLEGE HIGH SCHOOL,70,-,-,2011 Total Cohort - 4 Year Outcome - August 2015
1,14202,BUFFALO CITY SCHOOL DISTRICT,3375.0,3419.0,EAST HIGH SCHOOL,125,53,42%,2011 Total Cohort - 4 Year Outcome - August 2015
1,14202,BUFFALO CITY SCHOOL DISTRICT,3375.0,3419.0,EAST HIGH SCHOOL,53,30,57%,2011 Total Cohort - 4 Year Outcome - August 2015
1,14202,BUFFALO CITY SCHOOL DISTRICT,3375.0,3419.0,EAST HIGH SCHOOL,72,23,32%,2011 Total Cohort - 4 Year Outcome - August 2015
1,14202,BUFFALO CITY SCHOOL DISTRICT,3375.0,3419.0,EAST HIGH SCHOOL,103,44,43%,2011 Total Cohort - 4 Year Outcome - August 2015
1,14202,BUFFALO CITY SCHOOL DISTRICT,3375.0,3419.0,EAST HIGH SCHOOL,9,3,33%,2011 Total Cohort - 4 Year Outcome - August 2015
1,14202,BUFFALO CITY SCHOOL DISTRICT,3375.0,3419.0,EAST HIGH SCHOOL,3,-,-,2011 Total Cohort - 4 Year Outcome - August 2015
1,14202,BUFFALO CITY SCHOOL DISTRICT,3375.0,3419.0,EAST HIGH SCHOOL,4,-,-,2011 Total Cohort - 4 Year Outcome - August 2015
1,14202,BUFFALO CITY SCHOOL DISTRICT,3375.0,3419.0,EAST HIGH SCHOOL,6,3,50%,2011 Total Cohort - 4 Year Outcome - August 2015
1,14202,BUFFALO CITY SCHOOL DISTRICT,3375.0,3419.0,EAST HIGH SCHOOL,98,44,45%,2011 Total Cohort - 4 Year Outcome - August 2015
1,14202,BUFFALO CITY SCHOOL DISTRICT,3375.0,3419.0,EAST HIGH SCHOOL,27,9,33%,2011 Total Cohort - 4 Year Outcome - August 2015
1,14202,BUFFALO CITY SCHOOL DISTRICT,3375.0,3419.0,EAST HIGH SCHOOL,121,-,-,2011 Total Cohort - 4 Year Outcome - August 2015
1,14202,BUFFALO CITY SCHOOL DISTRICT,3375.0,3419.0,EAST HIGH SCHOOL,4,-,-,2011 Total Cohort - 4 Year Outcome - August 2015
1,14202,BUFFALO CITY SCHOOL DISTRICT,3375.0,3419.0,EAST HIGH SCHOOL,1,-,-,2011 Total Cohort - 4 Year Outcome - August 2015
1,14202,BUFFALO CITY SCHOOL DISTRICT,3375.0,3419.0,EAST HIGH SCHOOL,84,36,43%,2011 Total Cohort - 4 Year Outcome - August 2015
1,14202,BUFFALO CITY SCHOOL DISTRICT,3375.0,3419.0,EAST HIGH SCHOOL,41,17,41%,2011 Total Cohort - 4 Year Outcome - August 2015
1,14202,BUFFALO CITY SCHOOL DISTRICT,3375.0,3419.0,EAST HIGH SCHOOL,125,-,-,2011 Total Cohort - 4 Year Outcome - August 2015
1,14202,BUFFALO CITY SCHOOL DISTRICT,3375.0,3419.0,INTER PREP SCH-GROVER CLEVELAND #187,50,28,56%,2011 Total Cohort - 4 Year Outcome - August 2015
1,14202,BUFFALO CITY SCHOOL DISTRICT,3375.0,3419.0,INTER PREP SCH-GROVER CLEVELAND #187,27,17,63%,2011 Total Cohort - 4 Year Outcome - August 2015
1,14202,BUFFALO CITY SCHOOL DISTRICT,3375.0,3419.0,INTER PREP SCH-GROVER CLEVELAND #187,23,11,48%,2011 Total Cohort - 4 Year Outcome - August 2015
1,14202,BUFFALO CITY SCHOOL DISTRICT,3375.0,3419.0,INTER PREP SCH-GROVER CLEVELAND #187,25,15,60%,2011 Total Cohort - 4 Year Outcome - August 2015
1,14202,BUFFALO CITY SCHOOL DISTRICT,3375.0,3419.0,INTER PREP SCH-GROVER CLEVELAND #187,13,6,46%,2011 Total Cohort - 4 Year Outcome - August 2015
1,14202,BUFFALO CITY SCHOOL DISTRICT,3375.0,3419.0,INTER PREP SCH-GROVER CLEVELAND #187,10,-,-,2011 Total Cohort - 4 Year Outcome - August 2015
1,14202,BUFFALO CITY SCHOOL DISTRICT,3375.0,3419.0,INTER PREP SCH-GROVER CLEVELAND #187,2,-,-,2011 Total Cohort - 4 Year Outcome - August 2015
1,14202,BUFFALO CITY SCHOOL DISTRICT,3375.0,3419.0,INTER PREP SCH-GROVER CLEVELAND #187,44,25,57%,2011 Total Cohort - 4 Year Outcome - August 2015
1,14202,BUFFALO CITY SCHOOL DISTRICT,3375.0,3419.0,INTER PREP SCH-GROVER CLEVELAND #187,6,3,50%,2011 Total Cohort - 4 Year Outcome - August 2015
1,14202,BUFFALO CITY SCHOOL DISTRICT,3375.0,3419.0,INTER PREP SCH-GROVER CLEVELAND #187,39,24,62%,2011 Total Cohort - 4 Year Outcome - August 2015
1,14202,BUFFALO CITY SCHOOL DISTRICT,3375.0,3419.0,INTER PREP SCH-GROVER CLEVELAND #187,11,4,36%,2011 Total Cohort - 4 Year Outcome - August 2015
1,14202,BUFFALO CITY SCHOOL DISTRICT,3375.0,3419.0,INTER PREP SCH-GROVER CLEVELAND #187,2,-,-,2011 Total Cohort - 4 Year Outcome - August 2015
1,14202,BUFFALO CITY SCHOOL DISTRICT,3375.0,3419.0,INTER PREP SCH-GROVER CLEVELAND #187,34,20,59%,2011 Total Cohort - 4 Year Outcome - August 2015
1,14202,BUFFALO CITY SCHOOL DISTRICT,3375.0,3419.0,INTER PREP SCH-GROVER CLEVELAND #187,16,8,50%,2011 Total Cohort - 4 Year Outcome - August 2015
1,14202,BUFFALO CITY SCHOOL DISTRICT,3375.0,3419.0,INTER PREP SCH-GROVER CLEVELAND #187,50,-,-,2011 Total Cohort - 4 Year Outcome - August 2015
11,14212,CHEEKTOWAGA-SLOAN UNION FREE SCHOOL DISTRICT,2295.0,10611.0,JOHN F KENNEDY SENIOR HIGH SCHOOL,120,106,88%,2011 Total Cohort - 4 Year Outcome - August 2015
11,14212,CHEEKTOWAGA-SLOAN UNION FREE SCHOOL DISTRICT,2295.0,10611.0,JOHN F KENNEDY SENIOR HIGH SCHOOL,66,57,86%,2011 Total Cohort - 4 Year Outcome - August 2015
11,14212,CHEEKTOWAGA-SLOAN UNION FREE SCHOOL DISTRICT,2295.0,10611.0,JOHN F KENNEDY SENIOR HIGH SCHOOL,54,49,91%,2011 Total Cohort - 4 Year Outcome - August 2015
11,14212,CHEEKTOWAGA-SLOAN UNION FREE SCHOOL DISTRICT,2295.0,10611.0,JOHN F KENNEDY SENIOR HIGH SCHOOL,1,-,-,2011 Total Cohort - 4 Year Outcome - August 2015
11,14212,CHEEKTOWAGA-SLOAN UNION FREE SCHOOL DISTRICT,2295.0,10611.0,JOHN F KENNEDY SENIOR HIGH SCHOOL,2,-,-,2011 Total Cohort - 4 Year Outcome - August 2015
11,14212,CHEEKTOWAGA-SLOAN UNION FREE SCHOOL DISTRICT,2295.0,10611.0,JOHN F KENNEDY SENIOR HIGH SCHOOL,5,5,100%,2011 Total Cohort - 4 Year Outcome - August 2015
11,14212,CHEEKTOWAGA-SLOAN UNION FREE SCHOOL DISTRICT,2295.0,10611.0,JOHN F KENNEDY SENIOR HIGH SCHOOL,2,-,-,2011 Total Cohort - 4 Year Outcome - August 2015
11,14212,CHEEKTOWAGA-SLOAN UNION FREE SCHOOL DISTRICT,2295.0,10611.0,JOHN F KENNEDY SENIOR HIGH SCHOOL,109,95,87%,2011 Total Cohort - 4 Year Outcome - August 2015
11,14212,CHEEKTOWAGA-SLOAN UNION FREE SCHOOL DISTRICT,2295.0,10611.0,JOHN F KENNEDY SENIOR HIGH SCHOOL,1,-,-,2011 Total Cohort - 4 Year Outcome - August 2015
11,14212,CHEEKTOWAGA-SLOAN UNION FREE SCHOOL DISTRICT,2295.0,10611.0,JOHN F KENNEDY SENIOR HIGH SCHOOL,106,97,92%,2011 Total Cohort - 4 Year Outcome - August 2015
11,14212,CHEEKTOWAGA-SLOAN UNION FREE SCHOOL DISTRICT,2295.0,10611.0,JOHN F KENNEDY SENIOR HIGH SCHOOL,14,9,64%,2011 Total Cohort - 4 Year Outcome - August 2015
11,14212,CHEEKTOWAGA-SLOAN UNION FREE SCHOOL DISTRICT,2295.0,10611.0,JOHN F KENNEDY SENIOR HIGH SCHOOL,120,-,-,2011 Total Cohort - 4 Year Outcome - August 2015
11,14212,CHEEKTOWAGA-SLOAN UNION FREE SCHOOL DISTRICT,2295.0,10611.0,JOHN F KENNEDY SENIOR HIGH SCHOOL,70,61,87%,2011 Total Cohort - 4 Year Outcome - August 2015
11,14212,CHEEKTOWAGA-SLOAN UNION FREE SCHOOL DISTRICT,2295.0,10611.0,JOHN F KENNEDY SENIOR HIGH SCHOOL,50,45,90%,2011 Total Cohort - 4 Year Outcome - August 2015
11,14212,CHEEKTOWAGA-SLOAN UNION FREE SCHOOL DISTRICT,2295.0,10611.0,JOHN F KENNEDY SENIOR HIGH SCHOOL,120,-,-,2011 Total Cohort - 4 Year Outcome - August 2015
17,14218,LACKAWANNA CITY SCHOOL DISTRICT,3595.0,18912.0,LACKAWANNA HIGH SCHOOL,141,103,73%,2011 Total Cohort - 4 Year Outcome - August 2015
17,14218,LACKAWANNA CITY SCHOOL DISTRICT,3595.0,18912.0,LACKAWANNA HIGH SCHOOL,68,46,68%,2011 Total Cohort - 4 Year Outcome - August 2015
17,14218,LACKAWANNA CITY SCHOOL DISTRICT,3595.0,18912.0,LACKAWANNA HIGH SCHOOL,73,57,78%,2011 Total Cohort - 4 Year Outcome - August 2015
17,14218,LACKAWANNA CITY SCHOOL DISTRICT,3595.0,18912.0,LACKAWANNA HIGH SCHOOL,1,-,-,2011 Total Cohort - 4 Year Outcome - August 2015
17,14218,LACKAWANNA CITY SCHOOL DISTRICT,3595.0,18912.0,LACKAWANNA HIGH SCHOOL,34,29,85%,2011 Total Cohort - 4 Year Outcome - August 2015
17,14218,LACKAWANNA CITY SCHOOL DISTRICT,3595.0,18912.0,LACKAWANNA HIGH SCHOOL,17,6,35%,2011 Total Cohort - 4 Year Outcome - August 2015
17,14218,LACKAWANNA CITY SCHOOL DISTRICT,3595.0,18912.0,LACKAWANNA HIGH SCHOOL,2,-,-,2011 Total Cohort - 4 Year Outcome - August 2015
17,14218,LACKAWANNA CITY SCHOOL DISTRICT,3595.0,18912.0,LACKAWANNA HIGH SCHOOL,85,66,78%,2011 Total Cohort - 4 Year Outcome - August 2015
17,14218,LACKAWANNA CITY SCHOOL DISTRICT,3595.0,18912.0,LACKAWANNA HIGH SCHOOL,2,-,-,2011 Total Cohort - 4 Year Outcome - August 2015
17,14218,LACKAWANNA CITY SCHOOL DISTRICT,3595.0,18912.0,LACKAWANNA HIGH SCHOOL,124,96,77%,2011 Total Cohort - 4 Year Outcome - August 2015
17,14218,LACKAWANNA CITY SCHOOL DISTRICT,3595.0,18912.0,LACKAWANNA HIGH SCHOOL,17,7,41%,2011 Total Cohort - 4 Year Outcome - August 2015
17,14218,LACKAWANNA CITY SCHOOL DISTRICT,3595.0,18912.0,LACKAWANNA HIGH SCHOOL,129,101,78%,2011 Total Cohort - 4 Year Outcome - August 2015
17,14218,LACKAWANNA CITY SCHOOL DISTRICT,3595.0,18912.0,LACKAWANNA HIGH SCHOOL,12,2,17%,2011 Total Cohort - 4 Year Outcome - August 2015
17,14218,LACKAWANNA CITY SCHOOL DISTRICT,3595.0,18912.0,LACKAWANNA HIGH SCHOOL,1,-,-,2011 Total Cohort - 4 Year Outcome - August 2015
17,14218,LACKAWANNA CITY SCHOOL DISTRICT,3595.0,18912.0,LACKAWANNA HIGH SCHOOL,112,81,72%,2011 Total Cohort - 4 Year Outcome - August 2015
17,14218,LACKAWANNA CITY SCHOOL DISTRICT,3595.0,18912.0,LACKAWANNA HIGH SCHOOL,29,22,76%,2011 Total Cohort - 4 Year Outcome - August 2015
17,14218,LACKAWANNA CITY SCHOOL DISTRICT,3595.0,18912.0,LACKAWANNA HIGH SCHOOL,141,-,-,2011 Total Cohort - 4 Year Outcome - August 2015
22,14223,KENMORE-TONAWANDA UNION FREE SCHOOL DISTRICT,1196.0,23111.0,KENMORE EAST SENIOR HIGH SCHOOL,233,216,93%,2011 Total Cohort - 4 Year Outcome - August 2015
22,14223,KENMORE-TONAWANDA UNION FREE SCHOOL DISTRICT,1196.0,23111.0,KENMORE EAST SENIOR HIGH SCHOOL,131,120,92%,2011 Total Cohort - 4 Year Outcome - August 2015
22,14223,KENMORE-TONAWANDA UNION FREE SCHOOL DISTRICT,1196.0,23111.0,KENMORE EAST SENIOR HIGH SCHOOL,102,96,94%,2011 Total Cohort - 4 Year Outcome - August 2015
22,14223,KENMORE-TONAWANDA UNION FREE SCHOOL DISTRICT,1196.0,23111.0,KENMORE EAST SENIOR HIGH SCHOOL,2,-,-,2011 Total Cohort - 4 Year Outcome - August 2015
22,14223,KENMORE-TONAWANDA UNION FREE SCHOOL DISTRICT,1196.0,23111.0,KENMORE EAST SENIOR HIGH SCHOOL,8,7,88%,2011 Total Cohort - 4 Year Outcome - August 2015
22,14223,KENMORE-TONAWANDA UNION FREE SCHOOL DISTRICT,1196.0,23111.0,KENMORE EAST SENIOR HIGH SCHOOL,5,4,80%,2011 Total Cohort - 4 Year Outcome - August 2015
22,14223,KENMORE-TONAWANDA UNION FREE SCHOOL DISTRICT,1196.0,23111.0,KENMORE EAST SENIOR HIGH SCHOOL,3,-,-,2011 Total Cohort - 4 Year Outcome - August 2015
22,14223,KENMORE-TONAWANDA UNION FREE SCHOOL DISTRICT,1196.0,23111.0,KENMORE EAST SENIOR HIGH SCHOOL,210,195,93%,2011 Total Cohort - 4 Year Outcome - August 2015
22,14223,KENMORE-TONAWANDA UNION FREE SCHOOL DISTRICT,1196.0,23111.0,KENMORE EAST SENIOR HIGH SCHOOL,5,5,100%,2011 Total Cohort - 4 Year Outcome - August 2015
22,14223,KENMORE-TONAWANDA UNION FREE SCHOOL DISTRICT,1196.0,23111.0,KENMORE EAST SENIOR HIGH SCHOOL,194,184,95%,2011 Total Cohort - 4 Year Outcome - August 2015
22,14223,KENMORE-TONAWANDA UNION FREE SCHOOL DISTRICT,1196.0,23111.0,KENMORE EAST SENIOR HIGH SCHOOL,39,32,82%,2011 Total Cohort - 4 Year Outcome - August 2015
22,14223,KENMORE-TONAWANDA UNION FREE SCHOOL DISTRICT,1196.0,23111.0,KENMORE EAST SENIOR HIGH SCHOOL,230,-,-,2011 Total Cohort - 4 Year Outcome - August 2015
22,14223,KENMORE-TONAWANDA UNION FREE SCHOOL DISTRICT,1196.0,23111.0,KENMORE EAST SENIOR HIGH SCHOOL,3,-,-,2011 Total Cohort - 4 Year Outcome - August 2015
22,14223,KENMORE-TONAWANDA UNION FREE SCHOOL DISTRICT,1196.0,23111.0,KENMORE EAST SENIOR HIGH SCHOOL,78,69,88%,2011 Total Cohort - 4 Year Outcome - August 2015
22,14223,KENMORE-TONAWANDA UNION FREE SCHOOL DISTRICT,1196.0,23111.0,KENMORE EAST SENIOR HIGH SCHOOL,155,147,95%,2011 Total Cohort - 4 Year Outcome - August 2015
22,14223,KENMORE-TONAWANDA UNION FREE SCHOOL DISTRICT,1196.0,23111.0,KENMORE EAST SENIOR HIGH SCHOOL,233,-,-,2011 Total Cohort - 4 Year Outcome - August 2015
22,14223,KENMORE-TONAWANDA UNION FREE SCHOOL DISTRICT,1196.0,23111.0,KENMORE WEST SENIOR HIGH SCHOOL,315,279,89%,2011 Total Cohort - 4 Year Outcome - August 2015
22,14223,KENMORE-TONAWANDA UNION FREE SCHOOL DISTRICT,1196.0,23111.0,KENMORE WEST SENIOR HIGH SCHOOL,164,149,91%,2011 Total Cohort - 4 Year Outcome - August 2015
22,14223,KENMORE-TONAWANDA UNION FREE SCHOOL DISTRICT,1196.0,23111.0,KENMORE WEST SENIOR HIGH SCHOOL,151,130,86%,2011 Total Cohort - 4 Year Outcome - August 2015
22,14223,KENMORE-TONAWANDA UNION FREE SCHOOL DISTRICT,1196.0,23111.0,KENMORE WEST SENIOR HIGH SCHOOL,1,-,-,2011 Total Cohort - 4 Year Outcome - August 2015
22,14223,KENMORE-TONAWANDA UNION FREE SCHOOL DISTRICT,1196.0,23111.0,KENMORE WEST SENIOR HIGH SCHOOL,13,10,77%,2011 Total Cohort - 4 Year Outcome - August 2015
22,14223,KENMORE-TONAWANDA UNION FREE SCHOOL DISTRICT,1196.0,23111.0,KENMORE WEST SENIOR HIGH SCHOOL,19,12,63%,2011 Total Cohort - 4 Year Outcome - August 2015
22,14223,KENMORE-TONAWANDA UNION FREE SCHOOL DISTRICT,1196.0,23111.0,KENMORE WEST SENIOR HIGH SCHOOL,6,6,100%,2011 Total Cohort - 4 Year Outcome - August 2015
22,14223,KENMORE-TONAWANDA UNION FREE SCHOOL DISTRICT,1196.0,23111.0,KENMORE WEST SENIOR HIGH SCHOOL,270,244,90%,2011 Total Cohort - 4 Year Outcome - August 2015
22,14223,KENMORE-TONAWANDA UNION FREE SCHOOL DISTRICT,1196.0,23111.0,KENMORE WEST SENIOR HIGH SCHOOL,6,-,-,2011 Total Cohort - 4 Year Outcome - August 2015
22,14223,KENMORE-TONAWANDA UNION FREE SCHOOL DISTRICT,1196.0,23111.0,KENMORE WEST SENIOR HIGH SCHOOL,250,228,91%,2011 Total Cohort - 4 Year Outcome - August 2015
22,14223,KENMORE-TONAWANDA UNION FREE SCHOOL DISTRICT,1196.0,23111.0,KENMORE WEST SENIOR HIGH SCHOOL,65,51,78%,2011 Total Cohort - 4 Year Outcome - August 2015
22,14223,KENMORE-TONAWANDA UNION FREE SCHOOL DISTRICT,1196.0,23111.0,KENMORE WEST SENIOR HIGH SCHOOL,311,-,-,2011 Total Cohort - 4 Year Outcome - August 2015
22,14223,KENMORE-TONAWANDA UNION FREE SCHOOL DISTRICT,1196.0,23111.0,KENMORE WEST SENIOR HIGH SCHOOL,4,-,-,2011 Total Cohort - 4 Year Outcome - August 2015
22,14223,KENMORE-TONAWANDA UNION FREE SCHOOL DISTRICT,1196.0,23111.0,KENMORE WEST SENIOR HIGH SCHOOL,3,-,-,2011 Total Cohort - 4 Year Outcome - August 2015
22,14223,KENMORE-TONAWANDA UNION FREE SCHOOL DISTRICT,1196.0,23111.0,KENMORE WEST SENIOR HIGH SCHOOL,126,108,86%,2011 Total Cohort - 4 Year Outcome - August 2015
22,14223,KENMORE-TONAWANDA UNION FREE SCHOOL DISTRICT,1196.0,23111.0,KENMORE WEST SENIOR HIGH SCHOOL,189,171,90%,2011 Total Cohort - 4 Year Outcome - August 2015
22,14223,KENMORE-TONAWANDA UNION FREE SCHOOL DISTRICT,1196.0,23111.0,KENMORE WEST SENIOR HIGH SCHOOL,315,-,-,2011 Total Cohort - 4 Year Outcome - August 2015
23,14224,WEST SENECA CENTRAL SCHOOL DISTRICT,4098.0,40660.0,WEST SENECA WEST SENIOR HIGH SCHOOL,342,298,87%,2011 Total Cohort - 4 Year Outcome - August 2015
23,14224,WEST SENECA CENTRAL SCHOOL DISTRICT,4098.0,40660.0,WEST SENECA WEST SENIOR HIGH SCHOOL,172,155,90%,2011 Total Cohort - 4 Year Outcome - August 2015
23,14224,WEST SENECA CENTRAL SCHOOL DISTRICT,4098.0,40660.0,WEST SENECA WEST SENIOR HIGH SCHOOL,170,143,84%,2011 Total Cohort - 4 Year Outcome - August 2015
23,14224,WEST SENECA CENTRAL SCHOOL DISTRICT,4098.0,40660.0,WEST SENECA WEST SENIOR HIGH SCHOOL,1,-,-,2011 Total Cohort - 4 Year Outcome - August 2015
23,14224,WEST SENECA CENTRAL SCHOOL DISTRICT,4098.0,40660.0,WEST SENECA WEST SENIOR HIGH SCHOOL,3,-,-,2011 Total Cohort - 4 Year Outcome - August 2015
23,14224,WEST SENECA CENTRAL SCHOOL DISTRICT,4098.0,40660.0,WEST SENECA WEST SENIOR HIGH SCHOOL,14,12,86%,2011 Total Cohort - 4 Year Outcome - August 2015
23,14224,WEST SENECA CENTRAL SCHOOL DISTRICT,4098.0,40660.0,WEST SENECA WEST SENIOR HIGH SCHOOL,4,-,-,2011 Total Cohort - 4 Year Outcome - August 2015
23,14224,WEST SENECA CENTRAL SCHOOL DISTRICT,4098.0,40660.0,WEST SENECA WEST SENIOR HIGH SCHOOL,317,275,87%,2011 Total Cohort - 4 Year Outcome - August 2015
23,14224,WEST SENECA CENTRAL SCHOOL DISTRICT,4098.0,40660.0,WEST SENECA WEST SENIOR HIGH SCHOOL,3,-,-,2011 Total Cohort - 4 Year Outcome - August 2015
23,14224,WEST SENECA CENTRAL SCHOOL DISTRICT,4098.0,40660.0,WEST SENECA WEST SENIOR HIGH SCHOOL,298,276,93%,2011 Total Cohort - 4 Year Outcome - August 2015
23,14224,WEST SENECA CENTRAL SCHOOL DISTRICT,4098.0,40660.0,WEST SENECA WEST SENIOR HIGH SCHOOL,44,22,50%,2011 Total Cohort - 4 Year Outcome - August 2015
23,14224,WEST SENECA CENTRAL SCHOOL DISTRICT,4098.0,40660.0,WEST SENECA WEST SENIOR HIGH SCHOOL,342,-,-,2011 Total Cohort - 4 Year Outcome - August 2015
23,14224,WEST SENECA CENTRAL SCHOOL DISTRICT,4098.0,40660.0,WEST SENECA WEST SENIOR HIGH SCHOOL,99,80,81%,2011 Total Cohort - 4 Year Outcome - August 2015
23,14224,WEST SENECA CENTRAL SCHOOL DISTRICT,4098.0,40660.0,WEST SENECA WEST SENIOR HIGH SCHOOL,243,218,90%,2011 Total Cohort - 4 Year Outcome - August 2015
23,14224,WEST SENECA CENTRAL SCHOOL DISTRICT,4098.0,40660.0,WEST SENECA WEST SENIOR HIGH SCHOOL,342,-,-,2011 Total Cohort - 4 Year Outcome - August 2015
23,14224,WEST SENECA CENTRAL SCHOOL DISTRICT,4098.0,40660.0,WEST SENECA EAST SENIOR HIGH SCHOOL,220,192,87%,2011 Total Cohort - 4 Year Outcome - August 2015
23,14224,WEST SENECA CENTRAL SCHOOL DISTRICT,4098.0,40660.0,WEST SENECA EAST SENIOR HIGH SCHOOL,110,98,89%,2011 Total Cohort - 4 Year Outcome - August 2015
23,14224,WEST SENECA CENTRAL SCHOOL DISTRICT,4098.0,40660.0,WEST SENECA EAST SENIOR HIGH SCHOOL,110,94,85%,2011 Total Cohort - 4 Year Outcome - August 2015
23,14224,WEST SENECA CENTRAL SCHOOL DISTRICT,4098.0,40660.0,WEST SENECA EAST SENIOR HIGH SCHOOL,2,-,-,2011 Total Cohort - 4 Year Outcome - August 2015
23,14224,WEST SENECA CENTRAL SCHOOL DISTRICT,4098.0,40660.0,WEST SENECA EAST SENIOR HIGH SCHOOL,9,7,78%,2011 Total Cohort - 4 Year Outcome - August 2015
23,14224,WEST SENECA CENTRAL SCHOOL DISTRICT,4098.0,40660.0,WEST SENECA EAST SENIOR HIGH SCHOOL,5,-,-,2011 Total Cohort - 4 Year Outcome - August 2015
23,14224,WEST SENECA CENTRAL SCHOOL DISTRICT,4098.0,40660.0,WEST SENECA EAST SENIOR HIGH SCHOOL,6,6,100%,2011 Total Cohort - 4 Year Outcome - August 2015
23,14224,WEST SENECA CENTRAL SCHOOL DISTRICT,4098.0,40660.0,WEST SENECA EAST SENIOR HIGH SCHOOL,198,173,87%,2011 Total Cohort - 4 Year Outcome - August 2015
23,14224,WEST SENECA CENTRAL SCHOOL DISTRICT,4098.0,40660.0,WEST SENECA EAST SENIOR HIGH SCHOOL,193,174,90%,2011 Total Cohort - 4 Year Outcome - August 2015
23,14224,WEST SENECA CENTRAL SCHOOL DISTRICT,4098.0,40660.0,WEST SENECA EAST SENIOR HIGH SCHOOL,27,18,67%,2011 Total Cohort - 4 Year Outcome - August 2015
23,14224,WEST SENECA CENTRAL SCHOOL DISTRICT,4098.0,40660.0,WEST SENECA EAST SENIOR HIGH SCHOOL,219,-,-,2011 Total Cohort - 4 Year Outcome - August 2015
23,14224,WEST SENECA CENTRAL SCHOOL DISTRICT,4098.0,40660.0,WEST SENECA EAST SENIOR HIGH SCHOOL,1,-,-,2011 Total Cohort - 4 Year Outcome - August 2015
23,14224,WEST SENECA CENTRAL SCHOOL DISTRICT,4098.0,40660.0,WEST SENECA EAST SENIOR HIGH SCHOOL,2,-,-,2011 Total Cohort - 4 Year Outcome - August 2015
23,14224,WEST SENECA CENTRAL SCHOOL DISTRICT,4098.0,40660.0,WEST SENECA EAST SENIOR HIGH SCHOOL,74,58,78%,2011 Total Cohort - 4 Year Outcome - August 2015
23,14224,WEST SENECA CENTRAL SCHOOL DISTRICT,4098.0,40660.0,WEST SENECA EAST SENIOR HIGH SCHOOL,146,134,92%,2011 Total Cohort - 4 Year Outcome - August 2015
23,14224,WEST SENECA CENTRAL SCHOOL DISTRICT,4098.0,40660.0,WEST SENECA EAST SENIOR HIGH SCHOOL,220,-,-,2011 Total Cohort - 4 Year Outcome - August 2015
24,14225,CHEEKTOWAGA CENTRAL SCHOOL DISTRICT,5170.0,33273.0,CHEEKTOWAGA HIGH SCHOOL,164,148,90%,2011 Total Cohort - 4 Year Outcome - August 2015
24,14225,CHEEKTOWAGA CENTRAL SCHOOL DISTRICT,5170.0,33273.0,CHEEKTOWAGA HIGH SCHOOL,82,76,93%,2011 Total Cohort - 4 Year Outcome - August 2015
24,14225,CHEEKTOWAGA CENTRAL SCHOOL DISTRICT,5170.0,33273.0,CHEEKTOWAGA HIGH SCHOOL,82,72,88%,2011 Total Cohort - 4 Year Outcome - August 2015
24,14225,CHEEKTOWAGA CENTRAL SCHOOL DISTRICT,5170.0,33273.0,CHEEKTOWAGA HIGH SCHOOL,55,43,78%,2011 Total Cohort - 4 Year Outcome - August 2015
24,14225,CHEEKTOWAGA CENTRAL SCHOOL DISTRICT,5170.0,33273.0,CHEEKTOWAGA HIGH SCHOOL,5,-,-,2011 Total Cohort - 4 Year Outcome - August 2015
24,14225,CHEEKTOWAGA CENTRAL SCHOOL DISTRICT,5170.0,33273.0,CHEEKTOWAGA HIGH SCHOOL,7,7,100%,2011 Total Cohort - 4 Year Outcome - August 2015
24,14225,CHEEKTOWAGA CENTRAL SCHOOL DISTRICT,5170.0,33273.0,CHEEKTOWAGA HIGH SCHOOL,94,91,97%,2011 Total Cohort - 4 Year Outcome - August 2015
24,14225,CHEEKTOWAGA CENTRAL SCHOOL DISTRICT,5170.0,33273.0,CHEEKTOWAGA HIGH SCHOOL,3,-,-,2011 Total Cohort - 4 Year Outcome - August 2015
24,14225,CHEEKTOWAGA CENTRAL SCHOOL DISTRICT,5170.0,33273.0,CHEEKTOWAGA HIGH SCHOOL,148,139,94%,2011 Total Cohort - 4 Year Outcome - August 2015
24,14225,CHEEKTOWAGA CENTRAL SCHOOL DISTRICT,5170.0,33273.0,CHEEKTOWAGA HIGH SCHOOL,16,9,56%,2011 Total Cohort - 4 Year Outcome - August 2015
24,14225,CHEEKTOWAGA CENTRAL SCHOOL DISTRICT,5170.0,33273.0,CHEEKTOWAGA HIGH SCHOOL,164,-,-,2011 Total Cohort - 4 Year Outcome - August 2015
24,14225,CHEEKTOWAGA CENTRAL SCHOOL DISTRICT,5170.0,33273.0,CHEEKTOWAGA HIGH SCHOOL,1,-,-,2011 Total Cohort - 4 Year Outcome - August 2015
24,14225,CHEEKTOWAGA CENTRAL SCHOOL DISTRICT,5170.0,33273.0,CHEEKTOWAGA HIGH SCHOOL,96,85,89%,2011 Total Cohort - 4 Year Outcome - August 2015
24,14225,CHEEKTOWAGA CENTRAL SCHOOL DISTRICT,5170.0,33273.0,CHEEKTOWAGA HIGH SCHOOL,68,63,93%,2011 Total Cohort - 4 Year Outcome - August 2015
24,14225,CHEEKTOWAGA CENTRAL SCHOOL DISTRICT,5170.0,33273.0,CHEEKTOWAGA HIGH SCHOOL,164,-,-,2011 Total Cohort - 4 Year Outcome - August 2015
24,14225,CHEEKTOWAGA CENTRAL SCHOOL DISTRICT,5170.0,33273.0,PINE HILL EDUCATION CENTER,17,9,53%,2011 Total Cohort - 4 Year Outcome - August 2015
24,14225,CHEEKTOWAGA CENTRAL SCHOOL DISTRICT,5170.0,33273.0,PINE HILL EDUCATION CENTER,11,7,64%,2011 Total Cohort - 4 Year Outcome - August 2015
24,14225,CHEEKTOWAGA CENTRAL SCHOOL DISTRICT,5170.0,33273.0,PINE HILL EDUCATION CENTER,6,2,33%,2011 Total Cohort - 4 Year Outcome - August 2015
24,14225,CHEEKTOWAGA CENTRAL SCHOOL DISTRICT,5170.0,33273.0,PINE HILL EDUCATION CENTER,5,2,40%,2011 Total Cohort - 4 Year Outcome - August 2015
24,14225,CHEEKTOWAGA CENTRAL SCHOOL DISTRICT,5170.0,33273.0,PINE HILL EDUCATION CENTER,12,7,58%,2011 Total Cohort - 4 Year Outcome - August 2015
24,14225,CHEEKTOWAGA CENTRAL SCHOOL DISTRICT,5170.0,33273.0,PINE HILL EDUCATION CENTER,12,7,58%,2011 Total Cohort - 4 Year Outcome - August 2015
24,14225,CHEEKTOWAGA CENTRAL SCHOOL DISTRICT,5170.0,33273.0,PINE HILL EDUCATION CENTER,5,2,40%,2011 Total Cohort - 4 Year Outcome - August 2015
24,14225,CHEEKTOWAGA CENTRAL SCHOOL DISTRICT,5170.0,33273.0,PINE HILL EDUCATION CENTER,17,-,-,2011 Total Cohort - 4 Year Outcome - August 2015
24,14225,CHEEKTOWAGA CENTRAL SCHOOL DISTRICT,5170.0,33273.0,PINE HILL EDUCATION CENTER,16,-,-,2011 Total Cohort - 4 Year Outcome - August 2015
24,14225,CHEEKTOWAGA CENTRAL SCHOOL DISTRICT,5170.0,33273.0,PINE HILL EDUCATION CENTER,1,-,-,2011 Total Cohort - 4 Year Outcome - August 2015
24,14225,CHEEKTOWAGA CENTRAL SCHOOL DISTRICT,5170.0,33273.0,PINE HILL EDUCATION CENTER,17,-,-,2011 Total Cohort - 4 Year Outcome - August 2015
24,14225,CHEEKTOWAGA-MARYVALE UNION FREE SCHOOL DISTRICT,2386.0,33273.0,MARYVALE HIGH SCHOOL,153,127,83%,2011 Total Cohort - 4 Year Outcome - August 2015
24,14225,CHEEKTOWAGA-MARYVALE UNION FREE SCHOOL DISTRICT,2386.0,33273.0,MARYVALE HIGH SCHOOL,64,53,83%,2011 Total Cohort - 4 Year Outcome - August 2015
24,14225,CHEEKTOWAGA-MARYVALE UNION FREE SCHOOL DISTRICT,2386.0,33273.0,MARYVALE HIGH SCHOOL,89,74,83%,2011 Total Cohort - 4 Year Outcome - August 2015
24,14225,CHEEKTOWAGA-MARYVALE UNION FREE SCHOOL DISTRICT,2386.0,33273.0,MARYVALE HIGH SCHOOL,1,-,-,2011 Total Cohort - 4 Year Outcome - August 2015
24,14225,CHEEKTOWAGA-MARYVALE UNION FREE SCHOOL DISTRICT,2386.0,33273.0,MARYVALE HIGH SCHOOL,14,12,86%,2011 Total Cohort - 4 Year Outcome - August 2015
24,14225,CHEEKTOWAGA-MARYVALE UNION FREE SCHOOL DISTRICT,2386.0,33273.0,MARYVALE HIGH SCHOOL,2,-,-,2011 Total Cohort - 4 Year Outcome - August 2015
24,14225,CHEEKTOWAGA-MARYVALE UNION FREE SCHOOL DISTRICT,2386.0,33273.0,MARYVALE HIGH SCHOOL,6,-,-,2011 Total Cohort - 4 Year Outcome - August 2015
24,14225,CHEEKTOWAGA-MARYVALE UNION FREE SCHOOL DISTRICT,2386.0,33273.0,MARYVALE HIGH SCHOOL,129,105,81%,2011 Total Cohort - 4 Year Outcome - August 2015
24,14225,CHEEKTOWAGA-MARYVALE UNION FREE SCHOOL DISTRICT,2386.0,33273.0,MARYVALE HIGH SCHOOL,1,-,-,2011 Total Cohort - 4 Year Outcome - August 2015
24,14225,CHEEKTOWAGA-MARYVALE UNION FREE SCHOOL DISTRICT,2386.0,33273.0,MARYVALE HIGH SCHOOL,137,119,87%,2011 Total Cohort - 4 Year Outcome - August 2015
24,14225,CHEEKTOWAGA-MARYVALE UNION FREE SCHOOL DISTRICT,2386.0,33273.0,MARYVALE HIGH SCHOOL,16,8,50%,2011 Total Cohort - 4 Year Outcome - August 2015
24,14225,CHEEKTOWAGA-MARYVALE UNION FREE SCHOOL DISTRICT,2386.0,33273.0,MARYVALE HIGH SCHOOL,153,-,-,2011 Total Cohort - 4 Year Outcome - August 2015
24,14225,CHEEKTOWAGA-MARYVALE UNION FREE SCHOOL DISTRICT,2386.0,33273.0,MARYVALE HIGH SCHOOL,2,-,-,2011 Total Cohort - 4 Year Outcome - August 2015
24,14225,CHEEKTOWAGA-MARYVALE UNION FREE SCHOOL DISTRICT,2386.0,33273.0,MARYVALE HIGH SCHOOL,62,46,74%,2011 Total Cohort - 4 Year Outcome - August 2015
24,14225,CHEEKTOWAGA-MARYVALE UNION FREE SCHOOL DISTRICT,2386.0,33273.0,MARYVALE HIGH SCHOOL,91,81,89%,2011 Total Cohort - 4 Year Outcome - August 2015
24,14225,CHEEKTOWAGA-MARYVALE UNION FREE SCHOOL DISTRICT,2386.0,33273.0,MARYVALE HIGH SCHOOL,153,-,-,2011 Total Cohort - 4 Year Outcome - August 2015
24,14225,CLEVELAND HILL UNION FREE SCHOOL DISTRICT,1599.0,33273.0,CLEVELAND HILL HIGH SCHOOL,103,97,94%,2011 Total Cohort - 4 Year Outcome - August 2015
24,14225,CLEVELAND HILL UNION FREE SCHOOL DISTRICT,1599.0,33273.0,CLEVELAND HILL HIGH SCHOOL,53,50,94%,2011 Total Cohort - 4 Year Outcome - August 2015
24,14225,CLEVELAND HILL UNION FREE SCHOOL DISTRICT,1599.0,33273.0,CLEVELAND HILL HIGH SCHOOL,50,47,94%,2011 Total Cohort - 4 Year Outcome - August 2015
24,14225,CLEVELAND HILL UNION FREE SCHOOL DISTRICT,1599.0,33273.0,CLEVELAND HILL HIGH SCHOOL,30,28,93%,2011 Total Cohort - 4 Year Outcome - August 2015
24,14225,CLEVELAND HILL UNION FREE SCHOOL DISTRICT,1599.0,33273.0,CLEVELAND HILL HIGH SCHOOL,6,-,-,2011 Total Cohort - 4 Year Outcome - August 2015
24,14225,CLEVELAND HILL UNION FREE SCHOOL DISTRICT,1599.0,33273.0,CLEVELAND HILL HIGH SCHOOL,1,-,-,2011 Total Cohort - 4 Year Outcome - August 2015
24,14225,CLEVELAND HILL UNION FREE SCHOOL DISTRICT,1599.0,33273.0,CLEVELAND HILL HIGH SCHOOL,65,61,94%,2011 Total Cohort - 4 Year Outcome - August 2015
24,14225,CLEVELAND HILL UNION FREE SCHOOL DISTRICT,1599.0,33273.0,CLEVELAND HILL HIGH SCHOOL,1,-,-,2011 Total Cohort - 4 Year Outcome - August 2015
24,14225,CLEVELAND HILL UNION FREE SCHOOL DISTRICT,1599.0,33273.0,CLEVELAND HILL HIGH SCHOOL,89,86,97%,2011 Total Cohort - 4 Year Outcome - August 2015
24,14225,CLEVELAND HILL UNION FREE SCHOOL DISTRICT,1599.0,33273.0,CLEVELAND HILL HIGH SCHOOL,14,11,79%,2011 Total Cohort - 4 Year Outcome - August 2015
24,14225,CLEVELAND HILL UNION FREE SCHOOL DISTRICT,1599.0,33273.0,CLEVELAND HILL HIGH SCHOOL,103,-,-,2011 Total Cohort - 4 Year Outcome - August 2015
24,14225,CLEVELAND HILL UNION FREE SCHOOL DISTRICT,1599.0,33273.0,CLEVELAND HILL HIGH SCHOOL,44,38,86%,2011 Total Cohort - 4 Year Outcome - August 2015
24,14225,CLEVELAND HILL UNION FREE SCHOOL DISTRICT,1599.0,33273.0,CLEVELAND HILL HIGH SCHOOL,59,59,100%,2011 Total Cohort - 4 Year Outcome - August 2015
24,14225,CLEVELAND HILL UNION FREE SCHOOL DISTRICT,1599.0,33273.0,CLEVELAND HILL HIGH SCHOOL,103,-,-,2011 Total Cohort - 4 Year Outcome - August 2015
25,14226,AMHERST CENTRAL SCHOOL DISTRICT,4330.0,29414.0,AMHERST CENTRAL HIGH SCHOOL,180,169,94%,2011 Total Cohort - 4 Year Outcome - August 2015
25,14226,AMHERST CENTRAL SCHOOL DISTRICT,4330.0,29414.0,AMHERST CENTRAL HIGH SCHOOL,97,94,97%,2011 Total Cohort - 4 Year Outcome - August 2015
25,14226,AMHERST CENTRAL SCHOOL DISTRICT,4330.0,29414.0,AMHERST CENTRAL HIGH SCHOOL,83,75,90%,2011 Total Cohort - 4 Year Outcome - August 2015
25,14226,AMHERST CENTRAL SCHOOL DISTRICT,4330.0,29414.0,AMHERST CENTRAL HIGH SCHOOL,31,27,87%,2011 Total Cohort - 4 Year Outcome - August 2015
25,14226,AMHERST CENTRAL SCHOOL DISTRICT,4330.0,29414.0,AMHERST CENTRAL HIGH SCHOOL,9,7,78%,2011 Total Cohort - 4 Year Outcome - August 2015
25,14226,AMHERST CENTRAL SCHOOL DISTRICT,4330.0,29414.0,AMHERST CENTRAL HIGH SCHOOL,4,-,-,2011 Total Cohort - 4 Year Outcome - August 2015
25,14226,AMHERST CENTRAL SCHOOL DISTRICT,4330.0,29414.0,AMHERST CENTRAL HIGH SCHOOL,133,128,96%,2011 Total Cohort - 4 Year Outcome - August 2015
25,14226,AMHERST CENTRAL SCHOOL DISTRICT,4330.0,29414.0,AMHERST CENTRAL HIGH SCHOOL,3,-,-,2011 Total Cohort - 4 Year Outcome - August 2015
25,14226,AMHERST CENTRAL SCHOOL DISTRICT,4330.0,29414.0,AMHERST CENTRAL HIGH SCHOOL,170,163,96%,2011 Total Cohort - 4 Year Outcome - August 2015
25,14226,AMHERST CENTRAL SCHOOL DISTRICT,4330.0,29414.0,AMHERST CENTRAL HIGH SCHOOL,10,6,60%,2011 Total Cohort - 4 Year Outcome - August 2015
25,14226,AMHERST CENTRAL SCHOOL DISTRICT,4330.0,29414.0,AMHERST CENTRAL HIGH SCHOOL,178,-,-,2011 Total Cohort - 4 Year Outcome - August 2015
25,14226,AMHERST CENTRAL SCHOOL DISTRICT,4330.0,29414.0,AMHERST CENTRAL HIGH SCHOOL,2,-,-,2011 Total Cohort - 4 Year Outcome - August 2015
25,14226,AMHERST CENTRAL SCHOOL DISTRICT,4330.0,29414.0,AMHERST CENTRAL HIGH SCHOOL,1,-,-,2011 Total Cohort - 4 Year Outcome - August 2015
25,14226,AMHERST CENTRAL SCHOOL DISTRICT,4330.0,29414.0,AMHERST CENTRAL HIGH SCHOOL,47,41,87%,2011 Total Cohort - 4 Year Outcome - August 2015
25,14226,AMHERST CENTRAL SCHOOL DISTRICT,4330.0,29414.0,AMHERST CENTRAL HIGH SCHOOL,133,128,96%,2011 Total Cohort - 4 Year Outcome - August 2015
25,14226,AMHERST CENTRAL SCHOOL DISTRICT,4330.0,29414.0,AMHERST CENTRAL HIGH SCHOOL,180,-,-,2011 Total Cohort - 4 Year Outcome - August 2015
27,14228,SWEET HOME CENTRAL SCHOOL DISTRICT,3399.0,21533.0,SWEET HOME SENIOR HIGH SCHOOL,296,277,94%,2011 Total Cohort - 4 Year Outcome - August 2015
27,14228,SWEET HOME CENTRAL SCHOOL DISTRICT,3399.0,21533.0,SWEET HOME SENIOR HIGH SCHOOL,152,146,96%,2011 Total Cohort - 4 Year Outcome - August 2015
27,14228,SWEET HOME CENTRAL SCHOOL DISTRICT,3399.0,21533.0,SWEET HOME SENIOR HIGH SCHOOL,144,131,91%,2011 Total Cohort - 4 Year Outcome - August 2015
27,14228,SWEET HOME CENTRAL SCHOOL DISTRICT,3399.0,21533.0,SWEET HOME SENIOR HIGH SCHOOL,66,64,97%,2011 Total Cohort - 4 Year Outcome - August 2015
27,14228,SWEET HOME CENTRAL SCHOOL DISTRICT,3399.0,21533.0,SWEET HOME SENIOR HIGH SCHOOL,21,18,86%,2011 Total Cohort - 4 Year Outcome - August 2015
27,14228,SWEET HOME CENTRAL SCHOOL DISTRICT,3399.0,21533.0,SWEET HOME SENIOR HIGH SCHOOL,16,-,-,2011 Total Cohort - 4 Year Outcome - August 2015
27,14228,SWEET HOME CENTRAL SCHOOL DISTRICT,3399.0,21533.0,SWEET HOME SENIOR HIGH SCHOOL,192,179,93%,2011 Total Cohort - 4 Year Outcome - August 2015
27,14228,SWEET HOME CENTRAL SCHOOL DISTRICT,3399.0,21533.0,SWEET HOME SENIOR HIGH SCHOOL,1,-,-,2011 Total Cohort - 4 Year Outcome - August 2015
27,14228,SWEET HOME CENTRAL SCHOOL DISTRICT,3399.0,21533.0,SWEET HOME SENIOR HIGH SCHOOL,276,262,95%,2011 Total Cohort - 4 Year Outcome - August 2015
27,14228,SWEET HOME CENTRAL SCHOOL DISTRICT,3399.0,21533.0,SWEET HOME SENIOR HIGH SCHOOL,20,15,75%,2011 Total Cohort - 4 Year Outcome - August 2015
27,14228,SWEET HOME CENTRAL SCHOOL DISTRICT,3399.0,21533.0,SWEET HOME SENIOR HIGH SCHOOL,288,271,94%,2011 Total Cohort - 4 Year Outcome - August 2015
27,14228,SWEET HOME CENTRAL SCHOOL DISTRICT,3399.0,21533.0,SWEET HOME SENIOR HIGH SCHOOL,8,6,75%,2011 Total Cohort - 4 Year Outcome - August 2015
27,14228,SWEET HOME CENTRAL SCHOOL DISTRICT,3399.0,21533.0,SWEET HOME SENIOR HIGH SCHOOL,125,114,91%,2011 Total Cohort - 4 Year Outcome - August 2015
27,14228,SWEET HOME CENTRAL SCHOOL DISTRICT,3399.0,21533.0,SWEET HOME SENIOR HIGH SCHOOL,171,163,95%,2011 Total Cohort - 4 Year Outcome - August 2015
27,14228,SWEET HOME CENTRAL SCHOOL DISTRICT,3399.0,21533.0,SWEET HOME SENIOR HIGH SCHOOL,296,-,-,2011 Total Cohort - 4 Year Outcome - August 2015
